"seq_nt","seq_aa","dist_nt","dist_aa","mut_index","mut_aa","InputA","InputB","SortA","SortB","mut_site","dist_codon","mut_codon","mut_codonWob","mutcod_index","InputA_norm","InputB_norm","SortA_norm","SortB_norm","enrichA","enrichB","enrichAvg","enrichSD","inputAvgCounts","enrichStdDev"
"GGGGCACGAGGGACAAGATACCAGACATTTGTGAATTTC","GARGTRYQTFVNF",0,0,NA,"",28563,25544,18409,17986,NA,0,NA,NA,NA,58963.5397528581,61380.3858621344,38871.9962836268,37020.03725468,0.65925479451465,0.603124870179704,0.631189832347177,0.0396898501247278,27053.5,0.0396898501247278
"GGGGCACGATGGACAAGATACCAGACATTTGTGAATTTC","GARWTRYQTFVNF",1,1,4,"W",6017,5072,10440,11312,333,1,"TGG","G",333,12421.0908760616,12187.649432068,22044.8498669707,23283.1458592761,1.77479177046007,1.91038854448945,1.84259015747476,0.0958813984231951,5544.5,0.0958813984231951
"GGGGGGCGAGGGACAAGATACCAGACATTTGTGAATTTC","GGRGTRYQTFVNF",2,1,2,"G",5836,4927,6426,7116,331,1,"GGG","G",331,12047.4466266737,11839.2249116323,13568.9851767389,14646.6465642334,1.12629552113528,1.23712883854776,1.18171217984152,0.0783709903237674,5381.5,0.0783709903237674
"GGGGCACGAGAGACAAGATACCAGACATTTGTGAATTTC","GARETRYQTFVNF",1,1,4,"E",3267,2508,9107,9391,333,1,"GAG","G",333,6744.17548480857,6026.54273967402,19230.1195151822,19329.2099332091,2.85136701417372,3.20734636227846,3.02935668822609,0.25171541100723,2887.5,0.25171541100723
"GGGGCACGAGTGACAAGATACCAGACATTTGTGAATTTC","GARVTRYQTFVNF",1,1,4,"V",4549,3765,7680,7205,333,1,"GTG","G",333,9390.65022356725,9047.02289269246,16216.9010515647,14829.832559767,1.72691993264385,1.6391947644728,1.68305734855832,0.0620310612944802,4157,0.0620310612944802
"GGGGCAGAGGGGACAAGATACCAGACATTTGTGAATTTC","GAEGTRYQTFVNF",3,1,3,"E",2050,1930,8608,9358,332,1,"GAG","G",332,4231.88238257042,4637.65051338551,18176.4432619621,19261.2870359888,4.2951201424747,4.15324246197414,4.22418130222442,0.100322669980971,1990,0.100322669980971
"GAGGCACGAGGGACAAGATACCAGACATTTGTGAATTTC","EARGTRYQTFVNF",1,1,1,"E",3332,2901,7413,7811,330,1,"GAG","G",330,6878.3571213291,6970.89333644112,15653.1103509439,16077.1439450854,2.27570480491703,2.30632476630223,2.29101478560963,0.0216515823351512,3116.5,0.0216515823351512
"GGGGCACGAGGGGGGAGATACCAGACATTTGTGAATTTC","GARGGRYQTFVNF",3,1,5,"G",4866,4141,5992,6109,334,1,"GGG","G",334,10045.0437432135,9950.52371809813,12652.5613412729,12573.9690642077,1.25958250304495,1.26364897169563,1.26161573737029,0.00287542755838285,4503.5,0.00287542755838285
"GGGGCACGAGGGACAAGATACCAGACAGTGGTGAATTTC","GARGTRYQTVVNF",2,1,10,"V",4981,4397,5186,5218,339,1,"GTG","G",339,10282.4420232114,10565.6732162467,10950.6313611217,10740.0508392594,1.06498352593693,1.01650416584384,1.04074384589038,0.0342800842694062,4689,0.0342800842694062
"GGGGCATGGGGGACAAGATACCAGACATTTGTGAATTTC","GAWGTRYQTFVNF",2,1,3,"W",2716,2205,6879,7237,332,1,"TGG","G",332,5606.72807368843,5298.45563834977,14525.5289497023,14895.6971873746,2.59073184195761,2.81132809333361,2.70102996764561,0.155985105252302,2460.5,0.155985105252302
"GGGGCAGGGGGGACAAGATACCAGACATTTGTGAATTTC","GAGGTRYQTFVNF",2,1,3,"G",3034,2519,6504,6928,332,1,"GGG","G",332,6263.18592620423,6052.97494467259,13733.6880780438,14259.691877039,2.19276391278505,2.35581544734286,2.27428968006395,0.1152948457687,2776.5,0.1152948457687
"GGGGCACGAGGGACAGGGTACCAGACATTTGTGAATTTC","GARGTGYQTFVNF",2,1,6,"G",2519,1881,7377,7061,335,1,"GGG","G",335,5200.05449838776,4519.90705475551,15577.0936272647,14533.4417355329,2.99556353343878,3.21542933504394,3.10549643424136,0.155468599266023,2200,0.155468599266023
"GGGGGCCGAGGGACAAGATACCAGACATTTGTGAATTTC","GGRGTRYQTFVNF",2,1,2,"G",4463,3774,5118,5206,331,1,"GGC","C",331,9213.11759678625,9068.64924223674,10807.0442163943,10715.3516039066,1.17300621671909,1.1815818781479,1.17729404743349,0.00606390834947221,4118.5,0.00606390834947221
"GGGGAGCGAGGGACAAGATACCAGACATTTGTGAATTTC","GERGTRYQTFVNF",2,1,2,"E",2967,2467,6152,6760,331,1,"GAG","G",331,6124.87562394461,5928.02270286117,12990.4134465138,13913.9025820992,2.12092689616896,2.34714056938137,2.23403373277517,0.159957222325608,2717,0.159957222325608
"GGGGCACGAGGGACAAGATACCAGGGGTTTGTGAATTTC","GARGTRYQGFVNF",3,1,9,"G",3081,2598,5827,5941,338,1,"GGG","G",338,6360.20957107292,6242.80623511687,12304.1513577431,12228.179769268,1.9345512471325,1.95876330431054,1.94665727572152,0.0171205098170735,2839.5,0.0171205098170735
"GGGGCACGAGGGACAAGATACCAGAGGTTTGTGAATTTC","GARGTRYQRFVNF",2,1,9,"R",7872,7441,1025,880,338,1,"AGG","G",338,16250.4283490704,17880.1852176692,2164.36504919971,1811.27725920818,0.133188184502442,0.101300810766674,0.117244497634558,0.0225477782027919,7656.5,0.0225477782027919
"GGGGCACGAGGGACAGAGTACCAGACATTTGTGAATTTC","GARGTEYQTFVNF",3,1,6,"E",1938,1479,6562,7208,335,1,"GAG","G",335,4000.67710118121,3553.93010844413,13856.1594661937,14836.0073686052,3.4634535894193,4.17453549054184,3.81899453998057,0.502810834262767,1708.5,0.502810834262767
"GGGGCACGAGGGACAAGAGGGCAGACATTTGTGAATTTC","GARGTRGQTFVNF",3,1,7,"G",3832,3132,4707,4801,336,1,"GGG","G",336,7910.52355610237,7525.96964141109,9939.18662105663,9881.75241074828,1.25645117552166,1.31302049856469,1.28473583704317,0.0400005519308537,3482,0.0400005519308537
"GGGGCACGAGGGACAAGATACCAGACATTGGTGAATTTC","GARGTRYQTLVNF",1,1,10,"L",3857,3563,4075,4845,339,1,"TTG","G",339,7962.13187784104,8561.63149180962,8604.67080535496,9972.31627370869,1.08069935758062,1.16476822008149,1.12273378883105,0.0594456627610047,3710,0.0594456627610047
"GGGGCACGAGCGACAAGATACCAGACATTTGTGAATTTC","GARATRYQTFVNF",1,1,4,"A",2976,2475,5427,5446,333,1,"GCG","G",333,6143.45461977053,5947.24612467831,11459.5210946408,11209.3363109634,1.86532200592195,1.88479442013503,1.87505821302849,0.0137690761361456,2725.5,0.0137690761361456
"GGGGCAGTGGGGACAAGATACCAGACATTTGTGAATTTC","GAVGTRYQTFVNF",3,1,3,"V",2021,1881,6097,6190,332,1,"GTG","G",332,4172.01672935358,4519.90705475551,12874.2767853372,12740.6889028394,3.0858641325084,2.8187944461014,2.9523292893049,0.188846786307757,1951,0.188846786307757
"GGGGCAGCGGGGACAAGATACCAGACATTTGTGAATTTC","GAAGTRYQTFVNF",3,1,3,"A",2033,1810,5701,5981,332,1,"GCG","G",332,4196.78872378813,4349.29918612838,12038.0928248659,12310.5105537774,2.86840573046527,2.83045843179528,2.84943208113028,0.0268327922172593,1921.5,0.0268327922172593
"GGGGCACCGGGGACAAGATACCAGACATTTGTGAATTTC","GAPGTRYQTFVNF",2,1,3,"P",1563,1322,5919,6357,332,1,"CCG","G",332,3226.55227510126,3176.67045528272,12498.4163182567,13084.4199281664,3.87361345876984,4.11891007026157,3.99626176451571,0.173450897387883,1442.5,0.173450897387883
"GGGGCACGAGGGACATGGTACCAGACATTTGTGAATTTC","GARGTWYQTFVNF",2,1,6,"W",2267,1822,4637,5705,335,1,"TGG","G",335,4679.84261526203,4378.13431885409,9791.37632501373,11742.4281406621,2.09224478897684,2.68206210350704,2.38715344624194,0.417063822765539,2044.5,0.417063822765539
"GGGGCATGCGGGACAAGATACCAGACATTTGTGAATTTC","GACGTRYQTFVNF",2,1,3,"C",1929,1531,5541,5426,332,1,"TGC","C",332,3982.09810535529,3678.88235025555,11700.240719625,11168.1709187086,2.93821006164816,3.03575103942447,2.98698055053632,0.0689718868291996,1730,0.0689718868291996
"GGGGCAGGCGGGACAAGATACCAGACATTTGTGAATTTC","GAGGTRYQTFVNF",2,1,3,"G",2238,1712,5312,5161,332,1,"GGC","C",332,4619.97696204518,4113.81226886839,11216.6898939989,10622.7294713334,2.42786706214082,2.58221055727842,2.50503880970962,0.109137332043829,1975,0.109137332043829
"GGGGCACGAGGGGGCAGATACCAGACATTTGTGAATTTC","GARGGRYQTFVNF",3,1,5,"G",3612,3003,3858,3773,334,1,"GGC","C",334,7456.37032480213,7215.99196460968,8146.45888762194,7765.85124885509,1.0925501997298,1.07620009652757,1.08437514812868,0.0115612688474005,3307.5,0.0115612688474005
"GGGGCACGAGGGACAAGATACCAGACAGAGGTGAATTTC","GARGTRYQTEVNF",3,1,10,"E",4047,3190,3211,3198,339,1,"GAG","G",339,8354.35512305488,7665.33944958537,6780.26943705393,6582.34622153156,0.811585016100517,0.858715555237101,0.835150285668809,0.0333263238244567,3618.5,0.0333263238244567
"GGGGCACGAGGGACAGGCTACCAGACATTTGTGAATTTC","GARGTGYQTFVNF",2,1,6,"G",1707,1426,5012,5484,335,1,"GGC","C",335,3523.81620831596,3426.57493890556,10583.2171966722,11287.5505562474,3.00333972347834,3.29412044315382,3.14873008331608,0.205613018720833,1566.5,0.205613018720833
"GCGGCACGAGGGACAAGATACCAGACATTTGTGAATTTC","AARGTRYQTFVNF",1,1,1,"A",3452,2839,3440,3309,330,1,"GCG","G",330,7126.07706567469,6821.91181735827,7263.82026268001,6810.81414854532,1.01932945654894,0.998373231857862,1.0088513442034,0.014818288587127,3145.5,0.014818288587127
"GGGGCACGAGGGACAAGATACGGGACATTTGTGAATTTC","GARGTRYGTFVNF",2,1,8,"G",2615,2512,4172,3646,337,1,"GGG","G",337,5398.23045386422,6036.15445058259,8809.49364415727,7504.45100803754,1.6319224826445,1.2432503292412,1.43758640594285,0.274832715329854,2563.5,0.274832715329854
"GGGGCACGAGGGACAGTGTACCAGACATTTGTGAATTTC","GARGTVYQTFVNF",3,1,6,"V",1925,1664,4299,4795,335,1,"GTG","G",335,3973.84077387711,3998.47173796554,9077.66375269226,9869.40279307186,2.28435517909178,2.46829374817428,2.37632446363303,0.130064209519982,1794.5,0.130064209519982
"GGGGCAAGCGGGACAAGATACCAGACATTTGTGAATTTC","GASGTRYQTFVNF",2,1,3,"S",1755,1415,4691,4805,332,1,"AGC","C",332,3622.90418605419,3400.14273390699,9905.40141053254,9889.98548919923,2.73410526523496,2.90869715279128,2.82140120901312,0.123455107631235,1585,0.123455107631235
"GGGGCACGAGGGACAGACTACCAGACATTTGTGAATTTC","GARGTDYQTFVNF",3,1,6,"D",1213,1022,4928,5491,335,1,"GAC","C",335,2504.03577075996,2455.79213713989,10405.8448414207,11301.9584435365,4.15562946940752,4.60216411340872,4.37889679140812,0.315747674807973,1117.5,0.315747674807973
"GGGGCACGAGGGACAAGATACCAGGGCTTTGTGAATTTC","GARGTRYQGFVNF",3,1,9,"G",2201,1886,3930,4219,338,1,"GGC","C",338,4543.59664587195,4531.92169339123,8298.49233498036,8683.8394961356,1.82641483867629,1.91614950205318,1.87128217036474,0.0634519889812889,2043.5,0.0634519889812889
"GGGGCACGAAGGACAAGATACCAGACATTTGTGAATTTC","GARRTRYQTFVNF",1,1,4,"R",4291,3591,1797,1844,333,1,"AGG","G",333,8858.05234322424,8628.91346816962,3794.5014569872,3795.44916588624,0.428367468373532,0.439852500536355,0.434109984454944,0.00812114412447769,3941,0.00812114412447769
"GGGGCACGAGGGACAAGATACCAGACATTTGGGAATTTC","GARGTRYQTFGNF",1,1,11,"G",3409,2862,2692,2547,340,1,"GGG","G",340,7037.31075228418,6877.17915508255,5684.36167067866,5242.41270364005,0.807746292691938,0.76229113498747,0.785018713839704,0.0321416502527331,3135.5,0.0321416502527331
"GGGGACCGAGGGACAAGATACCAGACATTTGTGAATTTC","GDRGTRYQTFVNF",2,1,2,"D",1795,1420,4230,3943,331,1,"GAC","C",331,3705.47750083605,3412.15737254271,8931.96503230711,8115.7570830203,2.41047612090259,2.378482642192,2.3944793815473,0.0226228057500004,1607.5,0.0226228057500004
"GGGGCACGAGGGACAAGATACCAGACAGCGGTGAATTTC","GARGTRYQTAVNF",3,1,10,"A",3154,2744,2719,2699,339,1,"GCG","G",339,6510.90587054981,6593.63368327971,5741.37421343807,5555.26968477601,0.881808818555879,0.842520217473287,0.862164518014583,0.0277812362488339,2949,0.0277812362488339
"GGGGTGCGAGGGACAAGATACCAGACATTTGTGAATTTC","GVRGTRYQTFVNF",2,1,2,"V",3908,3112,1984,2149,331,1,"GTG","G",331,8067.41285418791,7477.91108686824,4189.36610498754,4423.22139777089,0.519294869459021,0.591504946553643,0.555399908006332,0.0510602351836105,3510,0.0510602351836105
"GGGGCACGAGGGACAAGAGGCCAGACATTTGTGAATTTC","GARGTRGQTFVNF",2,1,7,"G",2608,2247,3030,3234,336,1,"GGC","C",336,5383.7801237774,5399.37860288976,6398.07424300013,6656.44392759007,1.1883981321494,1.23281666598218,1.21060739906579,0.0314086464835225,2427.5,0.0314086464835225
"GGGGCACGAGGGACAAGATACCAGACAGTCGTGAATTTC","GARGTRYQTVVNF",2,1,10,"V",2612,2337,3180,2916,339,1,"GTC","C",339,5392.03745525558,5615.64209833261,6714.8105916635,6001.91419073984,1.24531972327429,1.06878502683102,1.15705237505266,0.124828880969743,2474.5,0.124828880969743
"GGGGCACGAGGGACAAGATACCAGGAGTTTGTGAATTTC","GARGTRYQEFVNF",3,1,9,"E",1978,1729,3177,3876,338,1,"GAG","G",338,4083.25041596307,4154.66204022982,6708.47586469023,7977.85301896695,1.64292541022321,1.92021708185094,1.78157124603707,0.196074821374517,1853.5,0.196074821374517
"GGGGCACGAGGGACAAGATACGAGACATTTGTGAATTTC","GARGTRYETFVNF",1,1,8,"E",2020,1922,3186,3322,337,1,"GAG","G",337,4169.95239648403,4618.42709156837,6727.48004561003,6837.57165351089,1.61332298452194,1.48049790934102,1.54691044693148,0.0939215113720425,1971,0.0939215113720425
"GGGGCACGAGGGACATTGTACCAGACATTTGTGAATTTC","GARGTLYQTFVNF",3,1,6,"L",1467,1474,3576,3726,335,1,"TTG","G",335,3028.37631962479,3541.91546980841,7550.9945521348,7669.11257705647,2.49341355075394,2.16524438328035,2.32932896701715,0.232050643696919,1470.5,0.232050643696919
"GGGAGGCGAGGGACAAGATACCAGACATTTGTGAATTTC","GRRGTRYQTFVNF",3,1,2,"R",4628,3915,762,776,331,1,"AGG","G",331,9553.73252026143,9407.46205176387,1609.02065120993,1597.21721948358,0.168418013357349,0.169781946575496,0.169099979966423,0.000964446427637068,4271.5,0.000964446427637068
"GGGGCACGAGGGACAATGTACCAGACATTTGTGAATTTC","GARGTMYQTFVNF",2,1,6,"M",1710,1324,3745,3236,335,1,"ATG","G",335,3530.0092069246,3181.476310737,7907.85083829554,6660.56046681555,2.24017853063476,2.0935439450978,2.16686123786628,0.103686309789664,1517,0.103686309789664
"GGGGCACGAGGGACAGCGTACCAGACATTTGTGAATTTC","GARGTAYQTFVNF",3,1,6,"A",1329,1042,3716,3885,335,1,"GCG","G",335,2743.49838362736,2503.85069168275,7846.61514422062,7996.37744548158,2.8600764596938,3.19363190147233,3.02685418058307,0.235859314783273,1185.5,0.235859314783273
"GGGGCACGAGGGGCGAGATACCAGACATTTGTGAATTTC","GARGARYQTFVNF",2,1,5,"A",3001,2541,2005,2358,334,1,"GCG","G",334,6195.06294150919,6105.83935466973,4233.70919380041,4853.39974683284,0.683400513243055,0.794878388525071,0.739139450884063,0.0788267615641818,2771,0.0788267615641818
"GGGGCAGTCGGGACAAGATACCAGACATTTGTGAATTTC","GAVGTRYQTFVNF",3,1,3,"V",1294,1142,3248,4078,332,1,"GTC","C",332,2671.24673319323,2744.14346439702,6858.3977363909,8393.62348073974,2.5674894240085,3.0587407654301,2.8131150947193,0.347367154786195,1218,0.347367154786195
"GGGGCAGACGGGACAAGATACCAGACATTTGTGAATTTC","GADGTRYQTFVNF",3,1,3,"D",1225,1047,3501,3961,332,1,"GAC","C",332,2528.80776519452,2515.86533031846,7392.62637780312,8152.80593604956,2.92336431402664,3.24055736918859,3.08196084160761,0.224289360250293,1136,0.224289360250293
"GGGGCACGACGGACAAGATACCAGACATTTGTGAATTTC","GARRTRYQTFVNF",1,1,4,"R",3545,3096,1698,1373,333,1,"CGG","G",333,7318.06002254252,7439.46424323396,3585.45546686938,2826.00417828731,0.489946168222829,0.379866625591689,0.434906396907259,0.0778379910643928,3320.5,0.0778379910643928
"TGGGCACGAGGGACAAGATACCAGACATTTGTGAATTTC","WARGTRYQTFVNF",1,1,1,"W",3271,2668,1863,1762,330,1,"TGG","G",330,6752.43281628676,6411.01117601686,3933.86545039909,3626.67105764184,0.582584907903218,0.565694078214832,0.574139493059025,0.011943620212525,2969.5,0.011943620212525
"GGGGCACGAGGGACATGCTACCAGACATTTGTGAATTTC","GARGTCYQTFVNF",2,1,6,"C",1307,1168,3357,3696,335,1,"TGC","C",335,2698.08306049734,2806.61958530273,7088.55948308628,7607.36448867437,2.62725769523924,2.7105078752074,2.66888278522332,0.0588667667904817,1237.5,0.0588667667904817
"GGGGCACGAGGGACACAGTACCAGACATTTGTGAATTTC","GARGTQYQTFVNF",3,1,6,"Q",1499,1314,3566,3125,335,1,"CAG","G",335,3094.43497145028,3157.44703346557,7529.87879555725,6432.09253980179,2.43336145856321,2.03711811207867,2.23523978532094,0.280186357299268,1406.5,0.280186357299268
"GGGGCAATGGGGACAAGATACCAGACATTTGTGAATTTC","GAMGTRYQTFVNF",3,1,3,"M",1225,1115,3357,3799,332,1,"ATG","G",332,2528.80776519452,2679.26441576417,7088.55948308628,7819.36625878624,2.80312310830832,2.91847501604504,2.86079906217668,0.0815661161834425,1170,0.0815661161834425
"GGGGCACGAGGGGACAGATACCAGACATTTGTGAATTTC","GARGDRYQTFVNF",3,1,5,"D",1703,1233,3320,3213,334,1,"GAC","C",334,3515.55887683777,2962.80988756701,7010.43118374931,6613.22026572261,1.99411570943598,2.23207715536322,2.1130964323996,0.168264152076109,1468,0.168264152076109
"GGCGCACGAGGGACAAGATACCAGACATTTGTGAATTTC","GARGTRYQTFVNF",1,0,NA,"",3115,2559,1364,2102,NA,1,"GGC","C",330,6430.3968886375,6149.0920537583,2880.18919717894,4326.48272597228,0.44790224414736,0.703597000686947,0.575749622417153,0.180803496262985,2837,0.180803496262985
"GGGGCACGAGGCACAAGATACCAGACATTTGTGAATTTC","GARGTRYQTFVNF",1,0,NA,"",2787,2570,1717,1842,NA,1,"GGC","C",333,5753.29570742623,6175.52425875687,3625.57540436674,3791.33262666077,0.630173658497498,0.613928869485805,0.622051263991651,0.011486800469113,2678.5,0.011486800469113
"GGGGCACGAGGGACAAGCTACCAGACATTTGTGAATTTC","GARGTSYQTFVNF",1,1,6,"S",1167,1043,3489,3179,335,1,"AGC","C",335,2409.07645876082,2506.25361940989,7367.28746991005,6543.23909888956,3.05813767060744,2.6107649474159,2.83445130901167,0.316340286286633,1105,0.316340286286633
"GGGGCACGAGGGACAAGATACCAGGACTTTGTGAATTTC","GARGTRYQDFVNF",3,1,9,"D",1732,1506,2716,2807,338,1,"GAC","C",338,3575.42453005462,3618.80915707698,5735.0394864648,5777.56280295156,1.60401637295283,1.59653702424536,1.6002766985991,0.00528869818990995,1619,0.00528869818990995
"CCGGCACGAGGGACAAGATACCAGACATTTGTGAATTTC","PARGTRYQTFVNF",2,1,1,"P",1511,1117,2911,3119,330,1,"CCG","G",330,3119.20696588483,2684.07027121845,6146.79673972718,6419.74292212537,1.97062804967913,2.3917939075459,2.18121097861251,0.297809234101845,1314,0.297809234101845
"GGGGCACGAGGGACAAGATACCAGGTGTTTGTGAATTTC","GARGTRYQVFVNF",3,1,9,"V",4171,3562,403,428,338,1,"GTG","G",338,8610.33239887865,8559.22856408248,850.964990075594,880.939394251253,0.0988306781497097,0.102922756140429,0.100876717145069,0.00289353609638163,3866.5,0.00289353609638163
"GGGGCACGAGGGACAAGATACCAGGCGTTTGTGAATTTC","GARGTRYQAFVNF",2,1,9,"A",2826,2263,1638,1536,338,1,"GCG","G",338,5833.80468933855,5437.82544652405,3458.76092740403,3161.50212516337,0.592882537484503,0.581390880647753,0.587136709066128,0.00812582847633461,2544.5,0.00812582847633461
"GGGGCACGAGGGACAAGATACCAGACAGACGTGAATTTC","GARGTRYQTDVNF",3,1,10,"D",2688,1972,1902,1659,339,1,"GAC","C",339,5548.92675334112,4738.5734779255,4016.21690105156,3414.66928752997,0.723782648353273,0.720611235308918,0.722196941831095,0.00224252766960664,2330,0.00224252766960664
"GGGGCACCCGGGACAAGATACCAGACATTTGTGAATTTC","GAPGTRYQTFVNF",2,1,3,"P",937,782,3137,3223,332,1,"CCC","C",332,1934.27989876512,1879.08948262563,6624.01283838,6633.80296184997,3.4245368742181,3.53032839744312,3.47743263583061,0.0748059034644662,859.5,0.0748059034644662
"GGGGCACGAGGGACAAGAGAGCAGACATTTGTGAATTTC","GARGTREQTFVNF",2,1,7,"E",1861,1553,2084,2549,336,1,"GAG","G",336,3841.72347022613,3731.74676025269,4400.52367076312,5246.52924286552,1.14545560211915,1.40591781273772,1.27568670742843,0.18417459537123,1707,0.18417459537123
"GGGGCACGAGGGACAAGATACCAGACGTTTGTGAATTTC","GARGTRYQTFVNF",1,0,NA,"",2711,2389,1532,1361,NA,1,"ACG","G",338,5596.40640934069,5740.59434014403,3234.93390768191,2801.30494293447,0.578037703316657,0.487981692652435,0.533009697984546,0.0636792158272791,2550,0.0636792158272791
"GGGGCAGCCGGGACAAGATACCAGACATTTGTGAATTTC","GAAGTRYQTFVNF",3,1,3,"A",1146,973,2744,3049,332,1,"GCC","C",332,2365.72546850034,2338.0486785099,5794.16360488196,6275.66404923381,2.44921216854251,2.68414601753864,2.56667909304057,0.166123317755421,1059.5,0.166123317755421
"GGGAGCCGAGGGACAAGATACCAGACATTTGTGAATTTC","GSRGTRYQTFVNF",3,1,2,"S",2672,2155,1560,1513,331,1,"AGC","C",331,5515.89742742838,5178.30925199263,3294.05802609908,3114.16192407043,0.597193488355861,0.601385852510082,0.599289670432972,0.00296444912265313,2413.5,0.00296444912265313
"GGGGCACGAGGGACACCGTACCAGACATTTGTGAATTTC","GARGTPYQTFVNF",3,1,6,"P",998,825,3067,2982,335,1,"CCG","G",335,2060.20420380746,1982.41537489277,6476.20254233709,6137.75998518046,3.1434760352243,3.09610188808814,3.11978896165622,0.0334985806929072,911.5,0.0334985806929072
"GACGCACGAGGGACAAGATACCAGACATTTGTGAATTTC","DARGTRYQTFVNF",2,1,1,"D",1079,1050,3024,2692,330,1,"GAC","C",330,2227.41516624073,2523.07411349989,6385.40478905359,5540.86179748685,2.86673310204241,2.19607571883841,2.53140441044041,0.474226383516375,1064.5,0.474226383516375
"GGGGCGCGAGGGACAAGATACCAGACATTTGTGAATTTC","GARGTRYQTFVNF",1,0,NA,"",2695,2331,1276,1462,NA,1,"GCG","G",331,5563.37708342795,5601.22453196975,2694.37053929642,3009.19017382087,0.484304856365453,0.537237912289626,0.510771384327539,0.03742932279291,2513,0.03742932279291
"GGGGCATCGGGGACAAGATACCAGACATTTGTGAATTTC","GASGTRYQTFVNF",3,1,3,"S",1248,984,2536,2966,332,1,"TCG","G",332,2576.28742119409,2364.48088350847,5354.95586806875,6104.82767137667,2.07855529783504,2.58188920619151,2.33022225201327,0.355910819799988,1116,0.355910819799988
"GGGGCACAGGGGACAAGATACCAGACATTTGTGAATTTC","GAQGTRYQTFVNF",2,1,3,"Q",1027,862,3038,2799,332,1,"CAG","G",332,2120.06985702431,2071.32370079705,6414.96684826217,5761.09664604967,3.02582805326335,2.78135988297376,2.90359396811856,0.172865100996039,944.5,0.172865100996039
"GGGGCAACGGGGACAAGATACCAGACATTTGTGAATTTC","GATGTRYQTFVNF",3,1,3,"T",1054,824,2843,2939,332,1,"ACG","G",332,2175.80684450206,1980.01244716563,6003.20959499979,6049.25439183279,2.75907285160399,3.05515977967323,2.90711631563861,0.20936507465845,939,0.20936507465845
"GGGGCACGAGGGACATCGTACCAGACATTTGTGAATTTC","GARGTSYQTFVNF",3,1,6,"S",1060,981,2721,2791,335,1,"TCG","G",335,2188.19284171934,2357.27210032704,5745.59736475358,5744.63048914777,2.62572715494264,2.43698234427446,2.53135474960855,0.13346273553724,1020.5,0.13346273553724
"CGGGCACGAGGGACAAGATACCAGACATTTGTGAATTTC","RARGTRYQTFVNF",1,1,1,"R",3515,3065,456,414,330,1,"CGG","G",330,7256.13003645612,7364.97348369253,962.878499936653,852.123619672941,0.132698627932379,0.115699482361981,0.12419905514718,0.012020211107206,3290,0.012020211107206
"GGGGCACGAGGGACAAGATACCAGACAGCCGTGAATTTC","GARGTRYQTAVNF",3,1,10,"A",2058,1572,1875,1874,339,1,"GCC","C",339,4248.3970455268,3777.4023870684,3959.20435829216,3857.19725426834,0.931928987772192,1.02112426980856,0.976526628790376,0.063070588777763,1815,0.063070588777763
"GGGGCACGAGGGACAAGAGACCAGACATTTGTGAATTTC","GARGTRDQTFVNF",1,1,7,"D",1709,1648,1833,2111,336,1,"GAC","C",336,3527.94487405505,3960.02489433125,3870.51818066641,4345.0071524869,1.09710279464135,1.09721713080813,1.09715996272474,8.08478788665247e-05,1678.5,8.08478788665247e-05
"GGGGCACGAGGGACAAGATGCCAGACATTTGTGAATTTC","GARGTRCQTFVNF",1,1,7,"C",1969,1634,2005,1678,336,1,"TGC","C",336,4064.67142013715,3926.38390615125,4233.70919380041,3453.77641017197,1.04158706970158,0.879632886830328,0.960609978265954,0.114518900949788,1801.5,0.114518900949788
"GGGGCACGAGGGACACTGTACCAGACATTTGTGAATTTC","GARGTLYQTFVNF",3,1,6,"L",1138,906,2456,2785,335,1,"CTG","G",335,2349.21080554397,2177.05252079133,5186.02981544829,5732.28087147135,2.20756255811936,2.63304666135833,2.42030460973884,0.300862694687355,1022,0.300862694687355
"GGGGCACGAGGGACAAGATACCAGCAGTTTGTGAATTTC","GARGTRYQQFVNF",3,1,9,"Q",1908,1624,1799,1861,338,1,"CAG","G",338,3938.74711509481,3902.35462887983,3798.72460830272,3830.43974930276,0.964449988105233,0.981571413565325,0.973010700835279,0.0121066760464109,1766,0.0121066760464109
"GGGGCACACGGGACAAGATACCAGACATTTGTGAATTTC","GAHGTRYQTFVNF",2,1,3,"H",1087,883,2634,2435,332,1,"CAC","C",332,2243.9298291971,2121.78518306705,5561.89028252882,5011.88650701355,2.47863824000188,2.36210835432871,2.4203732971653,0.0823990723703924,985,0.0823990723703924
"GGGGCACGAGGGACAAGATACCAGTGGTTTGTGAATTTC","GARGTRYQWFVNF",3,1,9,"W",3201,2976,417,374,338,1,"TGG","G",338,6607.9295154185,7151.11291597683,880.527049284176,769.792835163478,0.133253093458339,0.107646578121236,0.120449835789787,0.0181065406374227,3088.5,0.0181065406374227
"CAGGCACGAGGGACAAGATACCAGACATTTGTGAATTTC","QARGTRYQTFVNF",2,1,1,"Q",1588,1514,1824,1970,330,1,"CAG","G",330,3278.16059683992,3638.03257889412,3851.51399974661,4054.79113709105,1.17490095008139,1.11455602696214,1.14472848852176,0.0426703043478086,1551,0.0426703043478086
"GGGGCACGAGGGACAAGATACCAGACATCGGTGAATTTC","GARGTRYQTSVNF",2,1,10,"S",2053,1710,1497,1622,339,1,"TCG","G",339,4238.07538117906,4109.0064134141,3161.02875966046,3338.51331185872,0.745864213198831,0.812486761023282,0.779175487111057,0.0471092553465947,1881.5,0.0471092553465947
"GGGGCACGAGGGACAAGATACCAGACAATGGTGAATTTC","GARGTRYQTMVNF",2,1,10,"M",1744,1485,1922,1730,339,1,"ATG","G",339,3600.19652448918,3568.34767480698,4058.44841420668,3560.80643003427,1.12728524306948,0.997886628361368,1.06258593571542,0.0914986379362507,1614.5,0.0914986379362507
"AGGGCACGAGGGACAAGATACCAGACATTTGTGAATTTC","RARGTRYQTFVNF",1,1,1,"R",3081,2466,704,597,330,1,"AGG","G",330,6360.20957107292,5925.61977513402,1486.5492630601,1228.78695880373,0.233726459238249,0.207368512566425,0.220547485902337,0.0186378828298005,2773.5,0.0186378828298005
"GGGGCACGAGGGACAACGTACCAGACATTTGTGAATTTC","GARGTTYQTFVNF",2,1,6,"T",855,881,2548,2497,335,1,"ACG","G",335,1765.0046034623,2116.97932761276,5380.29477596182,5139.49922300322,3.04831770149927,2.42775125669217,2.73803447909572,0.43880674129993,868,0.43880674129993
"GGGGCACGGGGGACAAGATACCAGACATTTGTGAATTTC","GARGTRYQTFVNF",1,0,NA,"",2183,1694,1493,1369,NA,1,"CGG","G",332,4506.43865422012,4070.55956977982,3152.58245702944,2817.77109983637,0.69957292197402,0.692231879065409,0.695902400519714,0.00519090122166013,1938.5,0.00519090122166013
"GGGGCATTGGGGACAAGATACCAGACATTTGTGAATTTC","GALGTRYQTFVNF",3,1,3,"L",1272,1050,1942,2444,332,1,"TTG","G",332,2625.83141006321,2523.07411349989,4100.6799273618,5030.41093352818,1.56166915806034,1.99376265112967,1.777715904595,0.30553623905591,1161,0.30553623905591
"GCCGCACGAGGGACAAGATACCAGACATTTGTGAATTTC","AARGTRYQTFVNF",2,1,1,"A",1752,1419,1782,1667,330,1,"GCC","C",330,3616.71118744555,3409.75444481556,3762.82782212087,3431.13544443187,1.04040041548867,1.00627053940756,1.02333547744811,0.0241334668180113,1585.5,0.0241334668180113
"GGGGCACGAGGGACAAGATACCAGACATTTGGCAATTTC","GARGTRYQTFGNF",2,1,11,"G",1793,1870,1522,1313,340,1,"GGC","C",340,3701.34883509696,4493.47484975694,3213.81815110435,2702.50800152312,0.868282967719838,0.601429426420246,0.734856197070042,0.188693948636586,1831.5,0.188693948636586
"GGGGCACTGGGGACAAGATACCAGACATTTGTGAATTTC","GALGTRYQTFVNF",2,1,3,"L",1252,899,2172,2161,332,1,"CTG","G",332,2584.54475267228,2160.23202670133,4586.34232864564,4447.92063312373,1.77452618063727,2.0590013378867,1.91676375926198,0.201154312770179,1075.5,0.201154312770179
"GGGCGGCGAGGGACAAGATACCAGACATTTGTGAATTTC","GRRGTRYQTFVNF",3,1,2,"R",3054,2718,240,232,331,1,"CGG","G",331,6304.47258359516,6531.157562374,506.778157861396,477.518550154885,0.0803839101751479,0.0731139228527986,0.0767489165139733,0.00514065733477342,2886,0.00514065733477342
"GGGGCACGAGGGACAAGATACCAGACATTTTGGAATTTC","GARGTRYQTFWNF",2,1,11,"W",2603,1941,833,837,340,1,"TGG","G",340,5373.45845942967,4664.08271838408,1758.9425229106,1722.77166586051,0.327339000792664,0.369369878254943,0.348354439523804,0.0297203184727981,2272,0.0297203184727981
"GGGGCACGAGGGACAAGATGGCAGACATTTGTGAATTTC","GARGTRWQTFVNF",2,1,7,"W",2582,2459,568,546,336,1,"TGG","G",336,5330.10746916919,5908.79928104402,1199.3749736053,1123.81520855417,0.225018910133205,0.190193498729847,0.207606204431526,0.0246252845609254,2520.5,0.0246252845609254
"GGGGCACGAGGGACAAGATACGGCACATTTGTGAATTTC","GARGTRYGTFVNF",3,1,8,"G",1447,1148,1735,1712,337,1,"GGC","C",337,2987.08966223386,2758.56103075988,3663.58376620634,3523.75757700501,1.22647264744861,1.27738974694149,1.25193119719505,0.0360038263297617,1297.5,0.0360038263297617
"GGGGCACGAGGGACAAGGTACCAGACATTTGTGAATTTC","GARGTRYQTFVNF",1,0,NA,"",1701,1753,1352,1140,NA,1,"AGG","G",335,3511.43021109868,4212.33230568124,2854.85028928587,2346.42735851969,0.813016382971946,0.557037571645292,0.685026977308619,0.181004353329149,1727,0.181004353329149
"GGGGCACGCGGGACAAGATACCAGACATTTGTGAATTTC","GARGTRYQTFVNF",1,0,NA,"",1796,1558,1408,1171,NA,1,"CGC","C",332,3707.5418337056,3743.76139888841,2973.09852612019,2410.23371651453,0.8019055912172,0.643800034166219,0.722852812691709,0.111797511534025,1677,0.111797511534025
"GGGGCACGAGGGACAAGATACCAGCGGTTTGTGAATTTC","GARGTRYQRFVNF",3,1,9,"R",2550,2471,478,381,338,1,"CGG","G",338,5264.0488173437,5937.63441376974,1009.33316440728,784.200722452634,0.191740844249351,0.132072921268784,0.161906882759068,0.0421915929588757,2510.5,0.0421915929588757
"GGGGCACGAGGGACAAGATACCAGACACAGGTGAATTTC","GARGTRYQTQVNF",3,1,10,"Q",1517,1340,1481,1484,339,1,"CAG","G",339,3131.59296310211,3219.92315437129,3127.24354913637,3054.47210530107,0.998611117722835,0.948616460350738,0.973613789036786,0.0353515612509072,1428.5,0.0353515612509072
"GGGGCACGAGGGACAGCCTACCAGACATTTGTGAATTTC","GARGTAYQTFVNF",3,1,6,"A",732,751,2185,2105,335,1,"GCC","C",335,1511.09166050807,1804.59872308421,4613.79281219646,4332.65753481048,3.05328454439697,2.40089803865406,2.72709129152552,0.461306922165414,741.5,0.461306922165414
"GGGACGCGAGGGACAAGATACCAGACATTTGTGAATTTC","GTRGTRYQTFVNF",2,1,2,"T",1682,1403,1478,1190,331,1,"ACG","G",331,3472.20788657729,3371.30760118128,3120.9088221631,2449.34083915652,0.89882545173282,0.726525469909151,0.812675460820986,0.121834485545836,1542.5,0.121834485545836
"GGGATGCGAGGGACAAGATACCAGACATTTGTGAATTTC","GMRGTRYQTFVNF",3,1,2,"M",1733,1508,1198,1284,331,1,"ATG","G",331,3577.48886292417,3623.61501253127,2529.66763799147,2642.81818275376,0.707107061662176,0.729331944374418,0.718219503018297,0.0157153652769014,1620.5,0.0157153652769014
"GGGGCACGAGGGACAAGATACCAGACATTTTTGAATTTC","GARGTRYQTFLNF",1,1,11,"L",1971,1943,921,880,340,1,"TTG","G",340,4068.80008587625,4668.88857383836,1944.76118079311,1811.27725920818,0.477969214448217,0.38794613119651,0.432957672822363,0.0636559326306033,1957,0.0636559326306033
"GGGGCACGAGGGACAGTCTACCAGACATTTGTGAATTTC","GARGTVYQTFVNF",3,1,6,"V",953,829,1957,1951,335,1,"GTC","C",335,1967.30922467786,1992.02708580134,4132.35356222813,4015.68401444905,2.10051043851776,2.01587821926309,2.05819432889043,0.0598440161418448,891,0.0598440161418448
"GGGGCACGAGGGTGGAGATACCAGACATTTGTGAATTTC","GARGWRYQTFVNF",3,1,5,"W",2747,2217,272,416,334,1,"TGG","G",334,5670.72239264437,5327.29077107548,574.348578909582,856.240158898414,0.101283141571977,0.160727130485794,0.131005136028886,0.0420332476617376,2482,0.0420332476617376
"GGGGCACGAGGGACAAGATACTGGACATTTGTGAATTTC","GARGTRYWTFVNF",2,1,8,"W",2812,2424,194,208,337,1,"TGG","G",337,5804.90402916489,5824.69681059403,409.645677604629,428.120079449207,0.0705688975298289,0.0735008350426991,0.072034866286264,0.00207319289736569,2618,0.00207319289736569
"GGGGCACGAGGGACAAGATACCAGTCGTTTGTGAATTTC","GARGTRYQSFVNF",2,1,9,"S",1867,1561,1121,1075,338,1,"TCG","G",338,3854.10946744341,3750.97018206983,2367.07631234427,2212.63983369182,0.614169455315044,0.589884676841353,0.602027066078199,0.01717193153836,1714,0.01717193153836
"GGGGCACGAGGGAGCAGATACCAGACATTTGTGAATTTC","GARGSRYQTFVNF",2,1,5,"S",1477,1310,1380,1379,334,1,"AGC","C",334,3049.01964832025,3147.835322557,2913.97440770303,2838.35379596373,0.955708635498094,0.901684333873642,0.928696484685868,0.0382009500275176,1393.5,0.0382009500275176
"GGGGCACGAGGGACAAGATACCGGACATTTGTGAATTTC","GARGTRYRTFVNF",1,1,8,"R",2489,2274,409,356,337,1,"CGG","G",337,5138.12451230136,5464.25765152262,863.634444022129,732.74398213422,0.168083595863524,0.134097626587948,0.151090611225736,0.0240317093399573,2381.5,0.0240317093399573
"GGGGCACGAGGGTCGAGATACCAGACATTTGTGAATTTC","GARGSRYQTFVNF",2,1,5,"S",1242,1120,1653,1500,334,1,"TCG","G",334,2563.90142397681,2691.27905439988,3490.43456227037,3087.40441910486,1.36137627196931,1.14718851397345,1.25428239297138,0.151453616126021,1181,0.151453616126021
"GGGGCACGAGGGACAAGATACCAGGTCTTTGTGAATTTC","GARGTRYQVFVNF",3,1,9,"V",2802,2279,217,216,338,1,"GTC","C",338,5784.26070046943,5476.27229015833,458.211917733012,444.5862363511,0.0792170238274056,0.0811840998392441,0.0802005618333248,0.00139093278708039,2540.5,0.00139093278708039
"GGGGCACGAGGGACAAGATACCAGAACTTTGTGAATTTC","GARGTRYQNFVNF",2,1,9,"N",1361,1169,1379,1451,338,1,"AAC","C",338,2809.55703545285,2809.02251302988,2911.86283204527,2986.54920808077,1.03641349696819,1.06319874412804,1.04980612054812,0.0189400299024906,1265,0.0189400299024906
"GGGGCACGAGGGACAAAGTACCAGACATTTGTGAATTTC","GARGTKYQTFVNF",2,1,6,"K",1058,958,1599,1687,335,1,"AAG","G",335,2184.06417598025,2302.00476260276,3376.40947675155,3472.3008366866,1.54592960860967,1.50838125667501,1.52715543264234,0.0265506942753804,1008,0.0265506942753804
"GGGGCACGAGGGACAAGATACCAGACACTGGTGAATTTC","GARGTRYQTLVNF",2,1,10,"L",1350,1132,1334,1401,339,1,"CTG","G",339,2786.84937388784,2720.11418712559,2816.84192744626,2883.63572744394,1.0107621724516,1.06011568966196,1.03543893105678,0.0348982066948532,1241,0.0348982066948532
"GGGGCACGAGGGACAAGATACCAGATGTTTGTGAATTTC","GARGTRYQMFVNF",2,1,9,"M",2443,2062,309,370,338,1,"ATG","G",338,5043.16520030222,4954.83697336835,652.476878246548,761.559756712532,0.129378446339106,0.153700265176397,0.141539355757752,0.0171981230306391,2252.5,0.0171981230306391
"CGCGCACGAGGGACAAGATACCAGACATTTGTGAATTTC","RARGTRYQTFVNF",2,1,1,"R",2293,1944,484,360,330,1,"CGC","C",330,4733.51526987024,4671.29150156551,1022.00261835382,740.977060585166,0.215907747220985,0.158623596993859,0.187265672107422,0.0405060110801096,2118.5,0.0405060110801096
"GGGGCACGAGGGACAAGATACCAGACATTTGCGAATTTC","GARGTRYQTFANF",1,1,11,"A",1606,1449,983,1005,340,1,"GCG","G",340,3315.31858849176,3481.84227662985,2075.67887157397,2068.56096080026,0.626087302372428,0.594099558927311,0.610093430649869,0.0226187503048976,1527.5,0.0226187503048976
"GTGGCACGAGGGACAAGATACCAGACATTTGTGAATTTC","VARGTRYQTFVNF",1,1,1,"V",2477,2181,221,161,330,1,"GTG","G",330,5113.3525178668,5240.78537289834,466.658220364036,331.381407650588,0.0912626733113869,0.063231249530702,0.0772469614210445,0.0198212098416361,2329,0.0198212098416361
"GGGGCACGAGGGACAAGATACCAGTTGTTTGTGAATTTC","GARGTRYQLFVNF",3,1,9,"L",2515,2173,179,159,338,1,"TTG","G",338,5191.79716690957,5221.5619510812,377.972042738291,327.264868425115,0.0728017737571362,0.0626756651536712,0.0677387194554037,0.0071602400605416,2344,0.0071602400605416
"GGGGCACGAGGGACGAGATACCAGACATTTGTGAATTTC","GARGTRYQTFVNF",1,0,NA,"",1749,1527,810,894,NA,1,"ACG","G",334,3610.51818883691,3669.27063934698,1710.37628278221,1840.0930337865,0.473720444912975,0.501487411164083,0.487603928038529,0.0196342101291361,1638,0.0196342101291361
"GGGTGCCGAGGGACAAGATACCAGACATTTGTGAATTTC","GCRGTRYQTFVNF",3,1,2,"C",1562,1203,1160,1006,331,1,"TGC","C",331,3224.48794223171,2890.72205575273,2449.42776299675,2070.61923041299,0.759633097372189,0.716298277896459,0.737965687634324,0.0306423447127833,1382.5,0.0306423447127833
"GGGGTCCGAGGGACAAGATACCAGACATTTGTGAATTTC","GVRGTRYQTFVNF",2,1,2,"V",1551,1296,936,1107,331,1,"GTC","C",331,3201.7802806667,3114.194334377,1976.43481565945,2278.50446129939,0.617292456822771,0.731651341134175,0.674471898978473,0.0808639425855221,1423.5,0.0808639425855221
"GGGGCACGAGGGGCCAGATACCAGACATTTGTGAATTTC","GARGARYQTFVNF",2,1,5,"A",1601,1270,925,1087,334,1,"GCC","C",334,3304.99692414402,3051.71821347129,1953.20748342413,2237.33906904465,0.590986172832824,0.733140779239806,0.662063476036315,0.100518486167282,1435.5,0.100518486167282
"GGGGCACGAGGGACAAGATACGTGACATTTGTGAATTTC","GARGTRYVTFVNF",2,1,8,"V",2411,2133,187,127,337,1,"GTG","G",337,4977.10654847673,5125.44484199549,394.864648000338,261.400240817545,0.0793361854230724,0.051000498273975,0.0651683418485237,0.0200363565327073,2272,0.0200363565327073
"GGGGCACGAGGGACATCCTACCAGACATTTGTGAATTTC","GARGTSYQTFVNF",3,1,6,"S",616,546,1764,1914,335,1,"TCC","C",335,1271.62904764067,1311.99853901994,3724.81946028126,3939.5280387778,2.9291714177119,3.00269239760024,2.96593190765607,0.051987183438526,581,0.051987183438526
"GGGGCACGAGGGACAAGATACCAGGCCTTTGTGAATTTC","GARGTRYQAFVNF",2,1,9,"A",1731,1367,837,846,338,1,"GCC","C",338,3573.36019718508,3284.80220300414,1767.38882554162,1741.29609237514,0.49460136342647,0.530106832850582,0.512354098138526,0.0251061581990012,1549,0.0251061581990012
"GGGGCACGAGGGGAGAGATACCAGACATTTGTGAATTTC","GARGERYQTFVNF",3,1,5,"E",1029,1046,1274,1355,334,1,"GAG","G",334,2124.1985227634,2513.46240259132,2690.14738798091,2788.95532525806,1.26642936578322,1.10960693996565,1.18801815287444,0.110890200737732,1037.5,0.110890200737732
"GGGGCACGAGGGACAAGATACCAGAGCTTTGTGAATTTC","GARGTRYQSFVNF",2,1,9,"S",1705,1438,697,835,338,1,"AGC","C",338,3519.68754257687,3455.41007163128,1471.7682334558,1718.65512663504,0.418153093322108,0.497380944955014,0.457767019138561,0.0560225511484698,1571.5,0.0560225511484698
"GGGGCACGAGGGACAAGATACCAGACATACGTGAATTTC","GARGTRYQTYVNF",2,1,10,"Y",1110,1143,1375,982,339,1,"TAC","C",339,2291.40948519667,2746.54639212416,2903.41652941425,2021.22075970731,1.26708759310432,0.735913569675447,1.00150058138988,0.375596753956696,1126.5,0.375596753956696
"GGGCAGCGAGGGACAAGATACCAGACATTTGTGAATTTC","GQRGTRYQTFVNF",3,1,2,"Q",1372,1205,1051,936,331,1,"CAG","G",331,2832.26469701786,2895.52791120701,2219.26601630136,1926.54035752143,0.783565892918859,0.665350297631337,0.724458095275098,0.083591049069811,1288.5,0.083591049069811
"TGCGCACGAGGGACAAGATACCAGACATTTGTGAATTTC","CARGTRYQTFVNF",2,1,1,"C",1478,1490,741,835,330,1,"TGC","C",330,3051.0839811898,3580.3623134427,1564.67756239706,1718.65512663504,0.512826776333734,0.480022683788799,0.496424730061267,0.0231959962891948,1484,0.0231959962891948
"GGGGCACGAGGGACAAGATACCAGACAACGGTGAATTTC","GARGTRYQTTVNF",3,1,10,"T",1283,909,1192,1118,339,1,"ACG","G",339,2648.53907162822,2184.26130397276,2516.99818404493,2301.14542703949,0.950334548962338,1.05351196894535,1.00192325895385,0.0729574533353228,1096,0.0729574533353228
"GGGGCATACGGGACAAGATACCAGACATTTGTGAATTTC","GAYGTRYQTFVNF",3,1,3,"Y",521,415,1589,1975,332,1,"TAC","C",332,1075.51742503375,997.215006764242,3355.29372017399,4065.08248515473,3.11970186821352,4.07643532997472,3.59806859909412,0.67651271859942,468,0.67651271859942
"GGGGCAAGGGGGACAAGATACCAGACATTTGTGAATTTC","GARGTRYQTFVNF",2,0,NA,"",1515,1348,798,833,NA,1,"AGG","G",332,3127.46429736302,3239.14657618843,1685.03737488914,1714.53858740956,0.538787085854157,0.529317999998351,0.534052542926254,0.00669565482027842,1431.5,0.00669565482027842
"GGGGCACGAGGGACAAGATACCAGAAGTTTGTGAATTTC","GARGTRYQKFVNF",2,1,9,"K",1878,1735,464,388,338,1,"AAG","G",338,3876.81712900842,4169.07960659267,979.771105198699,798.60860974179,0.252725643896775,0.191555135689645,0.22214038979321,0.0432540811618892,1806.5,0.0432540811618892
"GGGGCACGAGGGACAAGATACCAGACATTCGTGAATTTC","GARGTRYQTFVNF",1,0,NA,"",1465,1314,841,815,NA,1,"TTC","C",339,3024.24765388569,3157.44703346557,1775.83512817264,1677.48973438031,0.58719897687313,0.531280403630117,0.559239690251623,0.0395404023344109,1389.5,0.0395404023344109
"GGGCGCCGAGGGACAAGATACCAGACATTTGTGAATTTC","GRRGTRYQTFVNF",3,1,2,"R",2044,1900,241,215,331,1,"CGC","C",331,4219.49638535315,4565.56268157123,508.889733519152,442.527966738363,0.120604377168239,0.096927366373616,0.108765871770928,0.016742174891105,1972,0.016742174891105
"GGGGCACGAGGGACACGGTACCAGACATTTGTGAATTTC","GARGTRYQTFVNF",2,0,NA,"",1498,1151,798,923,NA,1,"CGG","G",335,3092.37063858073,2765.76981394131,1685.03737488914,1899.78285255586,0.544901492035413,0.686891166061505,0.615896329048459,0.100401861362317,1324.5,0.100401861362317
"GGGTGGCGAGGGACAAGATACCAGACATTTGTGAATTTC","GWRGTRYQTFVNF",3,1,2,"W",1632,1296,695,688,331,1,"TGG","G",331,3368.99124309997,3114.194334377,1467.54508214029,1416.08949356276,0.43560370931387,0.454720978049063,0.445162343681467,0.0135179503604201,1464,0.0135179503604201
"TAGGCACGAGGGACAAGATACCAGACATTTGTGAATTTC","*ARGTRYQTFVNF",2,1,1,"*",1870,1477,450,503,330,1,"TAG","G",330,3860.30246605205,3549.12425298984,950.209045990118,1035.3096152065,0.246148858631252,0.291708472684306,0.268928665657779,0.0322155120451566,1673.5,0.0322155120451566
"GGGGCACGAGGGACAAGATACAGGACATTTGTGAATTTC","GARGTRYRTFVNF",2,1,8,"R",1992,1830,175,279,337,1,"AGG","G",337,4112.15107613672,4397.35774067123,369.525740107268,574.257221953504,0.0898619076161057,0.130591426902157,0.110226667259132,0.0288001192816354,1911,0.0288001192816354
"GGGGCACGAGGGACAAGAAGGCAGACATTTGTGAATTTC","GARGTRRQTFVNF",3,1,7,"R",1142,1235,862,1032,336,1,"AGG","G",336,2357.46813702216,2967.6157430213,1820.17821698551,2124.13424034414,0.772090272780814,0.715771320912857,0.743930796846835,0.039823512775151,1188.5,0.039823512775151
"GGGGCCCGAGGGACAAGATACCAGACATTTGTGAATTTC","GARGTRYQTFVNF",1,0,NA,"",1451,1186,960,671,NA,1,"GCC","C",331,2995.34699371204,2849.8722843913,2027.11263144558,1381.09891014624,0.676753857132741,0.484617825756787,0.580685841444764,0.135860690696208,1318.5,0.135860690696208
"GGGGCACGAGGGACAAGATACCAGACATTTGTCAATTTC","GARGTRYQTFVNF",1,0,NA,"",1514,1219,805,720,NA,1,"GTC","C",340,3125.39996449347,2929.16889938701,1699.81840449343,1481.95412117033,0.543872279965588,0.505929897548912,0.52490108875725,0.0268293159012044,1366.5,0.0268293159012044
"GGGGCACGAGGGACAAGATACCAGCTGTTTGTGAATTTC","GARGTRYQLFVNF",3,1,9,"L",2013,1840,199,201,338,1,"CTG","G",338,4155.5020663972,4421.38701794266,420.203555893408,413.712192160051,0.101119804341169,0.0935706805310515,0.0973452424361101,0.00533803663815078,1926.5,0.00533803663815078
"GGGGCACGAGGGACAAGATACCAGCGCTTTGTGAATTTC","GARGTRYQRFVNF",3,1,9,"R",1980,1520,314,433,338,1,"CGC","C",338,4087.37908170217,3652.45014525698,663.034756535327,891.230742314936,0.162215136712793,0.24400900953358,0.203112073123186,0.0578370021310885,1750,0.0578370021310885
"GGGGCAAAGGGGACAAGATACCAGACATTTGTGAATTTC","GAKGTRYQTFVNF",3,1,3,"K",924,819,1152,1341,332,1,"AAG","G",332,1907.44357146101,1967.99780852991,2432.5351577347,2760.13955067974,1.2752855151943,1.40251149605779,1.33889850562604,0.0899623538116884,871.5,0.0899623538116884
"GGGGCACGAGGGACATTCTACCAGACATTTGTGAATTTC","GARGTFYQTFVNF",3,1,6,"F",831,728,1241,1372,335,1,"TTC","C",335,1715.46061459318,1749.33138535992,2620.46539127497,2823.94590867458,1.52755788677574,1.61430014479135,1.57092901578354,0.0613360388582729,779.5,0.0613360388582729
"GGGGCACGAGGGACAAGACGGCAGACATTTGTGAATTTC","GARGTRRQTFVNF",3,1,7,"R",1246,1269,755,886,336,1,"CGG","G",336,2572.158755455,3049.31528574415,1594.23962160564,1823.6268768846,0.619806074654062,0.598044710368337,0.6089253925112,0.0153876082543073,1257.5,0.0153876082543073
"GGGGCACGAGGGACACTCTACCAGACATTTGTGAATTTC","GARGTLYQTFVNF",3,1,6,"L",468,491,1521,1632,335,1,"CTC","C",335,966.107782947785,1179.83751402709,3211.7065754466,3359.09600798609,3.32437708518096,2.84708357553459,3.08573033035777,0.33749747728728,479.5,0.33749747728728
"AAGGCACGAGGGACAAGATACCAGACATTTGTGAATTTC","KARGTRYQTFVNF",2,1,1,"K",1750,1668,336,347,330,1,"AAG","G",330,3612.58252170646,4008.08344887411,709.489421005955,714.219555619591,0.196393969339921,0.178194781802814,0.187294375571368,0.0128687689195747,1709,0.0128687689195747
"GGGGCACGAGGGACACACTACCAGACATTTGTGAATTTC","GARGTHYQTFVNF",3,1,6,"H",458,463,1406,1754,335,1,"CAC","C",335,945.464454252319,1112.55553766709,2968.87537480468,3610.20490073995,3.14012373648937,3.24496600709943,3.1925448717944,0.0741346805033655,460.5,0.0741346805033655
"GGGGCACGAGGGACAAACTACCAGACATTTGTGAATTTC","GARGTNYQTFVNF",2,1,6,"N",555,389,1477,1649,335,1,"AAC","C",335,1145.70474259833,934.73888585853,3118.79724650534,3394.08659140261,2.72216490911284,3.63105316655917,3.176609037836,0.642681050181128,472,0.642681050181128
"GGGGCACGAGGGACAAGATACCAGACATTTCGGAATTTC","GARGTRYQTFRNF",2,1,11,"R",1947,1588,267,266,340,1,"CGG","G",340,4019.25609700713,3815.84923070269,563.790700620803,547.499716987928,0.140272400417734,0.143480437482355,0.141876418950044,0.002268424762691,1767.5,0.002268424762691
"GGGGCACGAGGGCGGAGATACCAGACATTTGTGAATTTC","GARGRRYQTFVNF",3,1,5,"R",1936,1620,210,284,334,1,"CGG","G",334,3996.54843544212,3892.74291797126,443.430888128722,584.548570017187,0.110953462792117,0.150163671820853,0.130558567306485,0.0277258046959612,1778,0.0277258046959612
"GGGGCACGAGGGACAAGATACCAGTGCTTTGTGAATTTC","GARGTRYQCFVNF",3,1,9,"C",1778,1526,368,357,338,1,"TGC","C",338,3670.38384205376,3666.86771161984,777.059842054141,734.802251746956,0.211710784346559,0.20038962666105,0.206050205503804,0.00800526737030631,1652,0.00800526737030631
"GGGGCACGAGGGACAAGATACCAGACAAAGGTGAATTTC","GARGTRYQTKVNF",3,1,10,"K",1766,1390,397,444,339,1,"AAG","G",339,3645.6118476192,3340.06954072842,838.29553612906,913.871708055038,0.229946459241544,0.273608587160055,0.2517775232008,0.0308737867322136,1578,0.0308737867322136
"GGGGCACGAGGGACAAGATACCAGACATTTAGGAATTTC","GARGTRYQTFRNF",2,1,11,"R",1780,1566,320,329,340,1,"AGG","G",340,3674.51250779286,3762.98482070555,675.704210481862,677.170702590332,0.183889484400676,0.17995573589993,0.181922610150303,0.00278158024035969,1673,0.00278158024035969
"GGGGCACGAGGGACAAGAGTGCAGACATTTGTGAATTTC","GARGTRVQTFVNF",3,1,7,"V",1226,1074,792,851,336,1,"GTG","G",336,2530.87209806407,2580.74437895131,1672.36792094261,1751.58744043882,0.660787213317436,0.678714038757523,0.669750626037479,0.0126761798338337,1150,0.0126761798338337
"GGGGCACGAGGGAGGAGATACCAGACATTTGTGAATTTC","GARGRRYQTFVNF",2,1,5,"R",1738,1642,244,318,334,1,"AGG","G",334,3587.8105272719,3945.6073279684,515.224460492419,654.52973685023,0.143604144247881,0.165888209962153,0.154746177105017,0.0157572139789684,1690,0.0157572139789684
"GGGGCACGAGGGACAAGAGCGCAGACATTTGTGAATTTC","GARGTRAQTFVNF",3,1,7,"A",757,685,1344,1147,336,1,"GCG","G",336,1562.69998224674,1646.00549309278,2837.95768402382,2360.83524580885,1.8160604826677,1.43428151103732,1.62517099685251,0.269958499754269,721,0.269958499754269
"GGGCTGCGAGGGACAAGATACCAGACATTTGTGAATTTC","GLRGTRYQTFVNF",3,1,2,"L",1169,923,753,1042,331,1,"CTG","G",331,2413.20512449992,2217.90229215276,1590.01647029013,2144.71693647151,0.65888160693328,0.967002443732445,0.812942025332862,0.217874333125563,1046,0.217874333125563
"GGGGCACGAGGGGTGAGATACCAGACATTTGTGAATTTC","GARGVRYQTFVNF",3,1,5,"V",1992,1537,213,106,334,1,"GTG","G",334,4112.15107613672,3693.29991661841,449.765615101989,218.176578950077,0.109374778984174,0.0590736154321958,0.0842241972081851,0.0355682938491777,1764.5,0.0355682938491777
"GGGGCACGAGGGACAAGATACCAGACCTTTGTGAATTTC","GARGTRYQTFVNF",1,0,NA,"",1467,1045,676,642,NA,1,"ACC","C",338,3028.37631962479,2511.05947486417,1427.42514464293,1321.40909137688,0.471349988900914,0.526235680438575,0.498792834669744,0.0388100446763934,1256,0.0388100446763934
"GGGGCACGAGGGACAAGATACCTGACATTTGTGAATTTC","GARGTRYLTFVNF",1,1,8,"L",1739,1448,286,332,337,1,"CTG","G",337,3589.87486014145,3479.4393489027,603.910638118164,683.345511428542,0.168226097467467,0.196395293294607,0.182310695381037,0.0199186293899425,1593.5,0.0199186293899425
"GGGGCAATCGGGACAAGATACCAGACATTTGTGAATTTC","GAIGTRYQTFVNF",3,1,3,"I",585,402,1440,1353,332,1,"ATC","C",332,1207.63472868473,965.976946311386,3040.66894716838,2784.83878603258,2.51787140179387,2.88292468745406,2.70039804462396,0.258131653784756,493.5,0.258131653784756
"GGGGCACGAGGGACAAGATACCAGTAGTTTGTGAATTTC","GARGTRYQ*FVNF",3,1,9,"*",1847,1452,188,241,338,1,"TAG","G",338,3812.82281005248,3489.05105981127,396.976223658094,496.042976669514,0.104116095458585,0.142171314826314,0.12314370514245,0.026909103674463,1649.5,0.026909103674463
"GGGGCACGATGCACAAGATACCAGACATTTGTGAATTTC","GARCTRYQTFVNF",2,1,4,"C",628,511,1363,1221,333,1,"TGC","C",333,1296.40104207523,1227.89606856995,2878.07762152118,2513.14719715135,2.22005191920708,2.04671002821783,2.13338097371245,0.122571226582199,569.5,0.122571226582199
"GGGGCATTCGGGACAAGATACCAGACATTTGTGAATTTC","GAFGTRYQTFVNF",3,1,3,"F",605,465,1334,1281,332,1,"TTC","C",332,1248.92138607566,1117.36139312138,2816.84192744626,2636.64337391555,2.25541972365233,2.35970509644155,2.30756241004694,0.0737408942778216,535,0.0737408942778216
"GGGGCACGAGGGACAAGATACCAGACACCGGTGAATTTC","GARGTRYQTPVNF",3,1,10,"P",986,723,840,1112,339,1,"CCG","G",339,2035.4322093729,1737.31674672421,1773.72355251489,2288.79580936307,0.871423545499144,1.31743150100792,1.09442752325353,0.315375249803402,854.5,0.315375249803402
"GGGGCACGATTGACAAGATACCAGACATTTGTGAATTTC","GARLTRYQTFVNF",2,1,4,"L",650,519,1354,1081,333,1,"TTG","G",333,1341.81636520526,1247.11949038709,2859.07344060138,2224.98945136823,2.13074867376806,1.78410286144885,1.95742576760845,0.245115604560831,584.5,0.245115604560831
"GGGGCACGAGGGACATACTACCAGACATTTGTGAATTTC","GARGTYYQTFVNF",3,1,6,"Y",628,634,1288,1048,335,1,"TAC","C",335,1296.40104207523,1523.4561790085,2719.70944718949,2157.06655414793,2.09789205571439,1.41590324938115,1.75689765254777,0.482238909651558,631,0.482238909651558
"GGGGCACGAGGGCCGAGATACCAGACATTTGTGAATTTC","GARGPRYQTFVNF",2,1,5,"P",857,745,961,1034,334,1,"CCG","G",334,1769.13326920139,1790.18115672135,2029.22420710334,2128.25077956962,1.14701602328656,1.1888465988925,1.16793131108953,0.0295786836718927,801,0.0295786836718927
"GGGGCACGAGGGACAAGATACGACACATTTGTGAATTTC","GARGTRYDTFVNF",2,1,8,"D",418,404,1271,1503,337,1,"GAC","C",337,862.891139470457,970.782801765671,2683.81266100764,3093.57922794307,3.11025636751196,3.1866852423801,3.14847080494603,0.0540433756977152,411,0.0540433756977152
"GGGGCACGAGGGACAAGATACGCGACATTTGTGAATTTC","GARGTRYATFVNF",2,1,8,"A",1471,1165,483,446,337,1,"GCG","G",337,3036.63365110297,2799.4108021213,1019.89104269606,917.988247280511,0.33586239233225,0.327921949356232,0.331892170844241,0.00561474107396748,1318,0.00561474107396748
"TCGGCACGAGGGACAAGATACCAGACATTTGTGAATTTC","SARGTRYQTFVNF",2,1,1,"S",1458,1222,471,398,330,1,"TCG","G",330,3009.79732379887,2936.37768256844,994.55213480299,819.191305869156,0.330438241451985,0.278980224762031,0.304709233107008,0.0363863125478773,1340,0.0363863125478773
"GGGGCACGAGGGAACAGATACCAGACATTTGTGAATTTC","GARGNRYQTFVNF",2,1,5,"N",858,670,907,1074,334,1,"AAC","C",334,1771.19760207094,1609.96157718564,1915.19912158453,2210.58156407908,1.08130178097871,1.37306479570983,1.22718328834427,0.206307606215805,764,0.206307606215805
"GGGGCATCCGGGACAAGATACCAGACATTTGTGAATTTC","GASGTRYQTFVNF",3,1,3,"S",548,469,1446,1046,332,1,"TCC","C",332,1131.25441251151,1126.97310402995,3053.33840111491,2152.95001492245,2.69907314158993,1.91038278307061,2.30472796233027,0.557688300765466,508.5,0.557688300765466
"GGGGCACGAGGGACAAGATACCAGACATAGGTGAATTTC","GARGTRYQT*VNF",2,1,10,"*",1672,1342,251,232,339,1,"TAG","G",339,3451.56455788183,3224.72900982557,530.00549009671,477.518550154885,0.153555143242625,0.148080210368038,0.150817676805331,0.00387136216216145,1507,0.00387136216216145
"GGGGCACTCGGGACAAGATACCAGACATTTGTGAATTTC","GALGTRYQTFVNF",2,1,3,"L",695,512,1237,975,332,1,"CTC","C",332,1434.71134433485,1230.29899629709,2612.01908864395,2006.81287241816,1.82058857968737,1.63115866830599,1.72587362399668,0.13394717489734,603.5,0.13394717489734
"GGGGCACGAGGGACAAGATACCAGCACTTTGTGAATTTC","GARGTRYQHFVNF",3,1,9,"H",1066,918,633,758,338,1,"CAC","C",338,2200.57883893662,2205.88765351705,1336.62739135943,1560.16836645432,0.607398093496767,0.707274626596148,0.657336360046458,0.0706233738359753,992,0.0706233738359753
"GGGGCACGAGGGACAAGATACCAGACATTTTGCAATTTC","GARGTRYQTFCNF",3,1,11,"C",1210,1032,640,478,340,1,"TGC","C",340,2497.84277215132,2479.82141441132,1351.40842096372,983.852874888081,0.541030218567277,0.396743438527664,0.46888682854747,0.102026160601582,1121,0.102026160601582
"GGGGCACGAGTCACAAGATACCAGACATTTGTGAATTTC","GARVTRYQTFVNF",2,1,4,"V",571,521,1038,1209,333,1,"GTC","C",333,1178.73406851108,1251.92534584137,2191.81553275054,2488.44796179852,1.85946566855333,1.98769676647622,1.92358121751477,0.09067307890027,546,0.09067307890027
"GGGAAGCGAGGGACAAGATACCAGACATTTGTGAATTTC","GKRGTRYQTFVNF",3,1,2,"K",1491,1246,315,266,331,1,"AAG","G",331,3077.9203084939,2994.04794801987,665.146332193082,547.499716987928,0.216102519080019,0.182862708444606,0.199482613762313,0.0235040955056573,1368.5,0.0235040955056573
"AGCGCACGAGGGACAAGATACCAGACATTTGTGAATTTC","SARGTRYQTFVNF",2,1,1,"S",1384,1344,311,256,330,1,"AGC","C",330,2857.03669145242,3229.53486527986,656.700029562059,526.917020860563,0.229853551243059,0.163155699765112,0.196504625504086,0.0471625030706293,1364,0.0471625030706293
"GGGGCACGAGGGTGCAGATACCAGACATTTGTGAATTTC","GARGCRYQTFVNF",3,1,5,"C",998,971,764,523,334,1,"TGC","C",334,2060.20420380746,2333.24282305561,1613.24380252544,1076.47500746123,0.783050437206183,0.4613643281463,0.622207382676241,0.227466429129759,984.5,0.227466429129759
"GGGGCACGAGGGACAAGATACTTGACATTTGTGAATTTC","GARGTRYLTFVNF",2,1,8,"L",1749,1208,143,121,337,1,"TTG","G",337,3610.51818883691,2902.73669438844,301.955319059082,249.050623141125,0.0836321279290808,0.0857985581753208,0.0847153430522008,0.00153189751808394,1478.5,0.00153189751808394
"GGGGCACGAGGGACAAGATACCAGACATTTCTGAATTTC","GARGTRYQTFLNF",1,1,11,"L",1022,990,574,625,340,1,"CTG","G",340,2109.74819267657,2378.89844987132,1212.04442755184,1286.41850796036,0.574497199125056,0.540762262479065,0.55762973080206,0.0238542024652784,1006,0.0238542024652784
"GGGGCACGAGGGACAAGATACCAGACAATCGTGAATTTC","GARGTRYQTIVNF",2,1,10,"I",900,779,907,615,339,1,"ATC","C",339,1857.89958259189,1871.8806994442,1915.19912158453,1265.83581183299,1.0308410311997,0.676237439815926,0.853539235507815,0.250742604100573,839.5,0.250742604100573
"GGGGCACGAGGGACAAGATACCAGATCTTTGTGAATTTC","GARGTRYQIFVNF",2,1,9,"I",1504,1405,163,129,338,1,"ATC","C",338,3104.75663579801,3376.11345663556,344.186832214198,265.516780043018,0.110857910164586,0.0786456922889126,0.0947518012267494,0.0227774776969472,1454.5,0.0227774776969472
"GGGGCACGAGGGACAAGATACAAGACATTTGTGAATTTC","GARGTRYKTFVNF",1,1,8,"K",1369,1256,272,301,337,1,"AAG","G",337,2826.07169840923,3018.07722529129,574.348578909582,619.539153433708,0.20323213286941,0.20527611031355,0.20425412159148,0.00144531031134376,1312.5,0.00144531031134376
"GGGGCACGAGGGACAAGATACCCGACATTTGTGAATTTC","GARGTRYPTFVNF",1,1,8,"P",724,649,877,939,337,1,"CCG","G",337,1494.5769975517,1559.50009491565,1851.85185185185,1932.71516635964,1.23904747288725,1.23931712005711,1.23918229647218,0.000190669342331841,686.5,0.000190669342331841
"GGGGCACGAGGGACAAGAAGCCAGACATTTGTGAATTTC","GARGTRSQTFVNF",2,1,7,"S",881,797,743,764,336,1,"AGC","C",336,1818.67725807051,1915.13339853277,1568.90071371257,1572.51798413074,0.862660324557567,0.821101018516769,0.841880671537168,0.0293868671228554,839,0.0293868671228554
"GGGGCAACCGGGACAAGATACCAGACATTTGTGAATTTC","GATGTRYQTFVNF",3,1,3,"T",394,411,1219,1155,332,1,"ACC","C",332,813.34715060134,987.603295855671,2574.01072680434,2377.30140271074,3.16471352349519,2.40714203029367,2.78592777689443,0.535683940076413,402.5,0.535683940076413
"GGGGCACGAGGGACAAGATACCAGCCGTTTGTGAATTTC","GARGTRYQPFVNF",2,1,9,"P",1191,978,440,545,338,1,"CCG","G",338,2458.62044762994,2350.06331714561,929.09328941256,1121.75693894143,0.377892118447232,0.477330517334282,0.427611317890757,0.0703135661633655,1084.5,0.0703135661633655
"CTGGCACGAGGGACAAGATACCAGACATTTGTGAATTTC","LARGTRYQTFVNF",2,1,1,"L",1315,1312,202,245,330,1,"CTG","G",330,2714.59772345371,3152.64117801129,426.538282866675,504.27605512046,0.157127621224113,0.159953520444265,0.158540570834189,0.00199821250151898,1313.5,0.00199821250151898
"GGGGCACGAGACACAAGATACCAGACATTTGTGAATTTC","GARDTRYQTFVNF",2,1,4,"D",307,291,1206,1225,333,1,"GAC","C",333,633.75019095079,699.25196859854,2546.56024325352,2521.3802756023,4.01823980428789,3.60582506568515,3.81203243498652,0.291621258327275,299,0.291621258327275
"GGGGCACGAGGGACAAGATACAGCACATTTGTGAATTTC","GARGTRYSTFVNF",3,1,8,"S",714,581,770,929,337,1,"AGC","C",337,1473.93366885624,1396.10100946994,1625.91325647198,1912.13247023228,1.10311155164376,1.36962329893183,1.23636742528779,0.188452263773272,647.5,0.188452263773272
"GTCGCACGAGGGACAAGATACCAGACATTTGTGAATTTC","VARGTRYQTFVNF",2,1,1,"V",1390,1179,250,106,330,1,"GTC","C",330,2869.4226886697,2833.0517903013,527.893914438954,218.176578950077,0.183972168521359,0.0770111509069423,0.130491659714151,0.075632860877768,1284.5,0.075632860877768
"GGGGCACGAGGGACACGCTACCAGACATTTGTGAATTTC","GARGTRYQTFVNF",2,0,NA,"",969,826,544,579,NA,1,"CGC","C",335,2000.33855059061,1984.81830261991,1148.69715781916,1191.73810577448,0.574251372338952,0.60042680188983,0.587339087114391,0.0185088237358971,897.5,0.0185088237358971
"GGGGCAAACGGGACAAGATACCAGACATTTGTGAATTTC","GANGTRYQTFVNF",3,1,3,"N",496,448,926,1010,332,1,"AAC","C",332,1023.90910329509,1076.51162175995,1955.31905908189,2078.85230886394,1.90966078218212,1.93110066518863,1.92038072368537,0.0151602866617546,472,0.0151602866617546
"GGGGCACGAGGGACAAGATACTCGACATTTGTGAATTTC","GARGTRYSTFVNF",2,1,8,"S",606,707,741,822,337,1,"TCG","G",337,1250.98571894521,1698.86990308992,1564.67756239706,1691.89762166946,1.25075573501858,0.995895929754373,1.12332583238648,0.180213096554204,656.5,0.180213096554204
"GGGGCACGAGGGACAAGATACCAGACAAACGTGAATTTC","GARGTRYQTNVNF",3,1,10,"N",842,643,663,651,339,1,"AAC","C",339,1738.16827615819,1545.08252855279,1399.97466109211,1339.93351789151,0.805431027763559,0.867224561232056,0.836327794497807,0.0436946265490527,742.5,0.0436946265490527
"ACGGCACGAGGGACAAGATACCAGACATTTGTGAATTTC","TARGTRYQTFVNF",2,1,1,"T",1182,1110,244,260,330,1,"ACG","G",330,2440.04145180402,2667.24977712845,515.224460492419,535.150099311509,0.211153978597984,0.200637414576016,0.205895696587,0.00743633373471564,1146,0.00743633373471564
"GGGGCACGAGGGGTCAGATACCAGACATTTGTGAATTTC","GARGVRYQTFVNF",3,1,5,"V",1217,931,362,278,334,1,"GTC","C",334,2512.29310223815,2237.1257139699,764.390388107606,572.198952340767,0.304260035354404,0.255774160909969,0.280017098132187,0.0342846906114198,1074,0.0342846906114198
"ATGGCACGAGGGACAAGATACCAGACATTTGTGAATTTC","MARGTRYQTFVNF",2,1,1,"M",1280,1072,172,257,330,1,"ATG","G",330,2642.34607301958,2575.93852349703,363.191013134001,528.975290473299,0.137450206406521,0.205352451406789,0.171401328906655,0.0480141378974801,1176,0.0480141378974801
"GGGGCACGAGGGATGAGATACCAGACATTTGTGAATTTC","GARGMRYQTFVNF",2,1,5,"M",1045,948,328,457,334,1,"ATG","G",334,2157.22784867614,2277.97548533133,692.596815743908,940.629213020614,0.321058721807687,0.412923325592242,0.366991023699964,0.0649580842870746,996.5,0.0649580842870746
"GGGGCACGAGGGTCCAGATACCAGACATTTGTGAATTTC","GARGSRYQTFVNF",2,1,5,"S",641,605,772,748,334,1,"TCC","C",334,1323.23736937934,1453.77127492136,1630.13640778749,1539.58567032696,1.23193044990265,1.059028814839,1.14547963237083,0.12225991863175,623,0.12225991863175
"GGGGCACGAACGACAAGATACCAGACATTTGTGAATTTC","GARTTRYQTFVNF",2,1,4,"T",484,424,829,1025,333,1,"ACG","G",333,999.13710886053,1018.84135630853,1750.49622027957,2109.72635305499,1.75200801246981,2.07071134283257,1.91135967765119,0.225357286086242,454,0.225357286086242
"GGGGCACGAGGGACAAGATACCAGACACTCGTGAATTTC","GARGTRYQTLVNF",2,1,10,"L",739,542,708,748,339,1,"CTC","C",339,1525.5419905949,1302.38682811137,1494.99556569112,1539.58567032696,0.979976673803735,1.18212626010626,1.081051466955,0.142941343288574,640.5,0.142941343288574
"GGGGCACGAGGGACAAGATACCAGTACTTTGTGAATTTC","GARGTRYQYFVNF",3,1,9,"Y",1287,1133,116,104,338,1,"TAC","C",338,2656.79640310641,2722.51711485274,244.942776299675,214.060039724604,0.0921947861767956,0.0786257829406454,0.0854102845587205,0.00959473420222396,1210,0.00959473420222396
"GGGGCACGAGGGACAATCTACCAGACATTTGTGAATTTC","GARGTIYQTFVNF",2,1,6,"I",428,443,892,829,335,1,"ATC","C",335,883.534468165923,1064.49698312424,1883.52548671819,1706.30550895862,2.13180759164732,1.60292188330183,1.86736473747457,0.373978670843746,435.5,0.373978670843746
"GGGGCACGAGGGACAAGATACCAGACATTTTCGAATTTC","GARGTRYQTFSNF",2,1,11,"S",850,687,524,495,340,1,"TCG","G",340,1754.68293911457,1650.81134854707,1106.46564466405,1018.8434583046,0.630578676066905,0.617177401404054,0.62387803873548,0.00947613219064487,768.5,0.00947613219064487
"GGGGCACGAGGGACAAGATACCAGACATTTATGAATTTC","GARGTRYQTFMNF",1,1,11,"M",896,829,315,448,340,1,"ATG","G",340,1849.64225111371,1992.02708580134,665.146332193082,922.104786505984,0.359608098156594,0.462897715135759,0.411252906646177,0.0730367885921282,862.5,0.0730367885921282
"GGGGCACGAAGCACAAGATACCAGACATTTGTGAATTTC","GARSTRYQTFVNF",2,1,4,"S",460,352,823,841,333,1,"AGC","C",333,949.593119991412,845.830559954248,1737.82676633304,1731.00474431146,1.83007514455113,2.04651478235202,1.93829496345157,0.153045935606574,406,0.153045935606574
"GGGGCACGAGGGCGCAGATACCAGACATTTGTGAATTTC","GARGRRYQTFVNF",3,1,5,"R",1138,973,144,180,334,1,"CGC","C",334,2349.21080554397,2338.0486785099,304.066894716838,370.488530292583,0.129433635329474,0.158460571714318,0.143947103521896,0.0205251435547937,1055.5,0.0205251435547937
"GGGGCACGAGGGACAAGATACATGACATTTGTGAATTTC","GARGTRYMTFVNF",2,1,8,"M",1174,957,145,150,337,1,"ATG","G",337,2423.52678884765,2299.60183487561,306.178470374594,308.740441910486,0.126335913340647,0.134258216891354,0.130297065116001,0.00560191456332308,1065.5,0.00560191456332308
"GGGGCACGAGGGACCAGATACCAGACATTTGTGAATTTC","GARGTRYQTFVNF",1,0,NA,"",825,643,522,412,NA,1,"ACC","C",334,1703.0746173759,1545.08252855279,1102.24249334854,848.007080447468,0.647207398961105,0.54884257945869,0.598024989209897,0.0695544309003482,734,0.0695544309003482
"GGGGCACGAGGGACAAGATACCAGACATCCGTGAATTTC","GARGTRYQTSVNF",2,1,10,"S",598,485,580,705,339,1,"TCC","C",339,1234.47105598884,1165.41994766423,1224.71388149837,1451.08007697928,0.992096068641604,1.24511347166108,1.11860477015134,0.178910321433278,541.5,0.178910321433278
"GGGGCACGAGGGACAAGATACTAGACATTTGTGAATTTC","GARGTRY*TFVNF",1,1,8,"*",1056,1076,99,88,337,1,"TAG","G",337,2179.93551024116,2585.5502344056,209.045990117826,181.127725920818,0.0958954928417585,0.0700538413489608,0.0829746670953597,0.0182728070076167,1066,0.0182728070076167
"GGGGCACGAGGGACAAGATACACGACATTTGTGAATTTC","GARGTRYTTFVNF",2,1,8,"T",840,691,433,352,337,1,"ACG","G",337,1734.0396104191,1660.42305945564,914.312259808269,724.510903683273,0.527272995561669,0.436341147852283,0.481807071706976,0.0642985261411295,765.5,0.0642985261411295
"GGGGCACGAGGGACAAGAGTCCAGACATTTGTGAATTTC","GARGTRVQTFVNF",2,1,7,"V",855,745,358,357,336,1,"GTC","C",336,1765.0046034623,1790.18115672135,755.944085476583,734.802251746956,0.428295815202801,0.410462510449344,0.419379162826073,0.0126100507221357,800,0.0126100507221357
"GGGGCACGAGGGACAAGAAAGCAGACATTTGTGAATTTC","GARGTRKQTFVNF",2,1,7,"K",416,412,593,892,336,1,"AAG","G",336,858.762473731364,990.006223582813,1252.1643650492,1835.97649456102,1.45810326295289,1.85451005339811,1.6563066581755,0.280301929632207,414,0.280301929632207
"GGGGCACGACAGACAAGATACCAGACATTTGTGAATTTC","GARQTRYQTFVNF",2,1,4,"Q",469,308,698,837,333,1,"CAG","G",333,968.172115817331,740.101739959967,1473.87980911356,1722.77166586051,1.52233242936284,2.32774978471703,1.92504110703993,0.56951607365628,388.5,0.56951607365628
"CACGCACGAGGGACAAGATACCAGACATTTGTGAATTTC","HARGTRYQTFVNF",3,1,1,"H",751,548,377,628,330,1,"CAC","C",330,1550.31398502946,1316.80439447423,796.064022973943,1292.59331679857,0.5134856749414,0.981613763002874,0.747549718972137,0.331016545532162,649.5,0.331016545532162
"GGGGCACGAATGACAAGATACCAGACATTTGTGAATTTC","GARMTRYQTFVNF",2,1,4,"M",452,312,697,832,333,1,"ATG","G",333,933.07845703504,749.713450868538,1471.7682334558,1712.48031779683,1.57732527458892,2.28417979671157,1.93075253565025,0.4998216259053,382,0.4998216259053
"GGGGCACGAGGGACAAGATACCAGACATTTGAGAATTTC","GARGTRYQTFENF",1,1,11,"E",861,832,229,287,340,1,"GAG","G",340,1777.39060067958,1999.23586898277,483.550825626082,590.723378855396,0.272056589835233,0.295474580073417,0.283765584954325,0.0165590196991803,846.5,0.0165590196991803
"GGGGCACGAGGGACAAGATACCAGTTCTTTGTGAATTTC","GARGTRYQFFVNF",3,1,9,"F",920,919,155,106,338,1,"TTC","C",338,1899.18623998282,2208.29058124419,327.294226952152,218.176578950077,0.172333929164899,0.098798854101507,0.135566391633203,0.0519971502323865,919.5,0.0519971502323865
"GGGGCACGAGGGACAAGATAGCAGACATTTGTGAATTTC","GARGTR*QTFVNF",1,1,7,"*",949,773,180,196,336,1,"TAG","G",336,1959.05189319967,1857.46313308135,380.083618396047,403.420844096368,0.19401406349439,0.217189152727426,0.205601608110908,0.0163872627512831,861,0.0163872627512831
"GGGGCACGAGGGACACCCTACCAGACATTTGTGAATTTC","GARGTPYQTFVNF",3,1,6,"P",345,217,749,782,335,1,"CCC","C",335,712.194839993559,521.435316789977,1581.57016765911,1609.56683716,2.2206987173249,3.08680057781414,2.65374964756952,0.612426498750228,281,0.612426498750228
"GGGGCACGAGGGTTGAGATACCAGACATTTGTGAATTTC","GARGLRYQTFVNF",3,1,5,"L",827,774,248,222,334,1,"TTG","G",334,1707.203283115,1859.86606080849,523.670763123443,456.935854027519,0.306741890847318,0.245682129297465,0.276212010072392,0.0431757714495343,800.5,0.0431757714495343
"GGGGCACGAGGGACAAGATACCAGACATTTACGAATTTC","GARGTRYQTFTNF",2,1,11,"T",737,578,424,314,340,1,"ACG","G",340,1521.41332485581,1388.89222628851,895.308078888467,646.296658399284,0.588471301165527,0.465332475887176,0.526901888526351,0.0870722983816675,657.5,0.0870722983816675
"GGGGCACGAGGGACAAGATACCAGACATTTGCCAATTTC","GARGTRYQTFANF",2,1,11,"A",759,699,226,354,340,1,"GCC","C",340,1566.82864798583,1679.64648127278,477.216098652815,728.627442908747,0.30457452974598,0.433798094439859,0.36918631209292,0.0913748588841397,729,0.0913748588841397
"CCCGCACGAGGGACAAGATACCAGACATTTGTGAATTTC","PARGTRYQTFVNF",3,1,1,"P",429,365,578,662,330,1,"CCC","C",330,885.598801035469,877.068620407104,1220.49073018286,1362.57448363161,1.3781530968152,1.55355516310588,1.46585412996054,0.124027990508273,397,0.124027990508273
"TTGGCACGAGGGACAAGATACCAGACATTTGTGAATTTC","LARGTRYQTFVNF",2,1,1,"L",935,808,126,155,330,1,"TTG","G",330,1930.15123302602,1941.56560353134,266.058532877233,319.031789974169,0.137843360833501,0.164316770648342,0.151080065740921,0.0187195276012043,871.5,0.0187195276012043
"GGGGCACGAGGGACAAGATACCGCACATTTGTGAATTTC","GARGTRYRTFVNF",2,1,8,"R",934,804,142,136,337,1,"CGC","C",337,1928.08690015648,1931.95389262277,299.843743401326,279.924667332174,0.155513604380068,0.144892002030212,0.15020280320514,0.00751060704865049,869,0.00751060704865049
"GGGGCACGAGGGACAACCTACCAGACATTTGTGAATTTC","GARGTTYQTFVNF",2,1,6,"T",197,312,745,717,335,1,"ACC","C",335,406.67357530067,749.713450868538,1573.12386502808,1475.77931233212,3.86827165710241,1.96845782961802,2.91836474336022,1.34337124040618,254.5,1.34337124040618
"GGGGCACGAGGGACAAGATACCAGACATTTAGCAATTTC","GARGTRYQTFSNF",3,1,11,"S",694,607,330,325,340,1,"AGC","C",340,1432.6470114653,1458.57713037565,696.81996705942,668.937624139386,0.486386361387594,0.458623414702179,0.472504888044886,0.0196313678669771,650.5,0.0196313678669771
"GGGGCACGAGGGACAAGACGCCAGACATTTGTGAATTTC","GARGTRRQTFVNF",2,1,7,"R",643,452,500,348,336,1,"CGC","C",336,1327.36603511843,1086.12333266852,1055.78782887791,716.277825232327,0.795400666390947,0.659481113873584,0.727440890132265,0.0961096372808682,547.5,0.0961096372808682
"GGGTTGCGAGGGACAAGATACCAGACATTTGTGAATTTC","GLRGTRYQTFVNF",3,1,2,"L",600,560,468,266,331,1,"TTG","G",331,1238.59972172793,1345.63952719994,988.217407829723,547.499716987928,0.797850500443431,0.406869526289249,0.60236001336634,0.276465298139345,580,0.276465298139345
"GGGGCACGAGGGACATAGTACCAGACATTTGTGAATTTC","GARGT*YQTFVNF",3,1,6,"*",804,657,217,211,335,1,"TAG","G",335,1659.72362711542,1578.72351673279,458.211917733012,434.294888287417,0.276077239756705,0.275092429855104,0.275584834805904,0.000696365759601639,730.5,0.000696365759601639
"GGGCACCGAGGGACAAGATACCAGACATTTGTGAATTTC","GHRGTRYQTFVNF",3,1,2,"H",604,445,384,408,331,1,"CAC","C",331,1246.85705320612,1069.30283857852,810.845052578234,839.774001996522,0.650311156754707,0.785347211004203,0.717829183879455,0.0954849096644934,524.5,0.0954849096644934
"GGGGCACGAGGGACAAGATTCCAGACATTTGTGAATTTC","GARGTRFQTFVNF",1,1,7,"F",674,545,303,287,336,1,"TTC","C",336,1391.36035407437,1309.5956112928,639.807424300013,590.723378855396,0.459843075466711,0.451073120405657,0.455458097936184,0.00620129469437315,609.5,0.00620129469437315
"GGGGCACGAGGGACAAGATACCAGACATTTTAGAATTTC","GARGTRYQTF*NF",2,1,11,"*",864,713,111,105,340,1,"TAG","G",340,1783.58359928822,1713.28746945278,234.384898010896,216.11830933734,0.13141234204241,0.12614246773565,0.12877740488903,0.00372636385831098,788.5,0.00372636385831098
"GGGGCACGAGGGACAAGATACCAGACATTTCCGAATTTC","GARGTRYQTFPNF",2,1,11,"P",675,405,310,402,340,1,"CCG","G",340,1393.42468694392,973.185729492814,654.588453904303,827.424384320102,0.469769525427281,0.850222479887085,0.659996002657183,0.269020864020984,540,0.269020864020984
"GGGGCACGAGGGACAAGATACTGCACATTTGTGAATTTC","GARGTRYCTFVNF",3,1,8,"C",840,619,188,135,337,1,"TGC","C",337,1734.0396104191,1487.41226310136,396.976223658094,277.866397719437,0.228931462276198,0.18681195833364,0.207871710304919,0.0297829868579962,729.5,0.0297829868579962
"GGGGCACGAGGGACAAGATACCAGTCCTTTGTGAATTTC","GARGTRYQSFVNF",2,1,9,"S",564,482,374,319,338,1,"TCC","C",338,1164.28373842425,1158.21116448281,789.729296000676,656.588006462967,0.678296251968183,0.566898357223282,0.622597304595732,0.0787702067840253,523,0.0787702067840253
"GGGGCACGAGGGCTGAGATACCAGACATTTGTGAATTTC","GARGLRYQTFVNF",3,1,5,"L",810,650,142,135,334,1,"CTG","G",334,1672.1096243327,1561.90302264279,299.843743401326,277.866397719437,0.179320625297511,0.17790246493619,0.17861154511685,0.00100279080830001,730,0.00100279080830001
"GGGGCACGAGGGACAAGATTGCAGACATTTGTGAATTTC","GARGTRLQTFVNF",2,1,7,"L",676,626,189,244,336,1,"TTG","G",336,1395.48901981347,1504.23275719136,399.08779931585,502.217785507724,0.285984191670096,0.333869730669503,0.3099269611698,0.0338601893472531,651,0.0338601893472531
"GGGGCACGAGGGACAAGATACCAGACATTTCGCAATTTC","GARGTRYQTFRNF",3,1,11,"R",834,729,81,46,340,1,"CGC","C",340,1721.65361320182,1751.73431308707,171.037628278221,94.6804021858823,0.099344971001534,0.0540495219386483,0.0766972464700911,0.0320287191892563,781.5,0.0320287191892563
"GGGGCACGATCGACAAGATACCAGACATTTGTGAATTTC","GARSTRYQTFVNF",2,1,4,"S",309,340,510,524,333,1,"TCG","G",333,637.878856689883,816.995427228535,1076.90358545547,1078.53327707396,1.6882572202562,1.32012155898183,1.50418938961902,0.260311222483699,324.5,0.260311222483699
"GGGGCACGAGGGACAAGATACCAGCTCTTTGTGAATTTC","GARGTRYQLFVNF",3,1,9,"L",862,718,44,38,338,1,"CTC","C",338,1779.45493354912,1725.3021080885,92.909328941256,78.2142452839897,0.0522122404954354,0.0453336519542338,0.0487729462248346,0.00486389660247573,790,0.00486389660247573
"AACGCACGAGGGACAAGATACCAGACATTTGTGAATTTC","NARGTRYQTFVNF",3,1,1,"N",414,471,423,343,330,1,"AAC","C",330,854.633807992271,1131.77895948424,893.196503230711,705.986477168644,1.04512189300003,0.623784769324896,0.834453331162465,0.297930337316326,442.5,0.297930337316326
"GGGGCACGAGGGACAAGATACCAGACACACGTGAATTTC","GARGTRYQTHVNF",3,1,10,"H",452,401,458,326,339,1,"CAC","C",339,933.07845703504,963.574018584243,967.101651252164,670.995893752123,1.03646337985901,0.696361546503715,0.866412463181361,0.240488312659504,426.5,0.240488312659504
"GGGGCATAGGGGACAAGATACCAGACATTTGTGAATTTC","GA*GTRYQTFVNF",3,1,3,"*",680,685,117,130,332,1,"TAG","G",332,1403.74635129165,1646.00549309278,247.054351957431,267.575049655754,0.175996433921345,0.162560241006845,0.169278337464095,0.00950082312317333,682.5,0.00950082312317333
"GGGGCACGAGGGACAAGATCGCAGACATTTGTGAATTTC","GARGTRSQTFVNF",2,1,7,"S",567,405,340,288,336,1,"TCG","G",336,1170.47673703289,973.185729492814,717.935723636978,592.781648468133,0.613370348100137,0.609114612456419,0.611242480278278,0.00300925953261018,486,0.00300925953261018
"GGGGCACGACGCACAAGATACCAGACATTTGTGAATTTC","GARRTRYQTFVNF",2,1,4,"R",589,524,270,188,333,1,"CGC","C",333,1215.89206016292,1259.1341290228,570.125427594071,386.954687194476,0.468894769752571,0.307318083336194,0.388106426544383,0.114251970646673,556.5,0.114251970646673
"GGGGCACGAGGGACAAGACAGCAGACATTTGTGAATTTC","GARGTRQQTFVNF",2,1,7,"Q",330,337,456,438,336,1,"CAG","G",336,681.229846950361,809.786644047107,962.878499936653,901.522090378619,1.41344144600701,1.11328347658717,1.26336246129709,0.212243735603955,333.5,0.212243735603955
"GGGGCACGAGGGACAAGATACCAGACATTTCAGAATTTC","GARGTRYQTFQNF",2,1,11,"Q",571,599,144,236,340,1,"CAG","G",340,1178.73406851108,1439.35370855851,304.066894716838,485.751628605831,0.257960555175028,0.33747898498994,0.297719770082484,0.0562280209514307,585,0.0562280209514307
"GGGTCGCGAGGGACAAGATACCAGACATTTGTGAATTTC","GSRGTRYQTFVNF",2,1,2,"S",527,349,260,372,331,1,"TCG","G",331,1087.90342225103,838.62177677282,549.009671016512,765.676295938005,0.504649272892746,0.913017425906201,0.708833349399473,0.28875989021644,438,0.28875989021644
"GGGGCACGACCGACAAGATACCAGACATTTGTGAATTTC","GARPTRYQTFVNF",2,1,4,"P",296,192,530,471,333,1,"CCG","G",333,611.042529385778,461.362123611408,1119.13509861058,969.444987598926,1.83151752094169,2.10126696142803,1.96639224118486,0.190741658589163,244,0.190741658589163
"GGGGCACGAGGGAAGAGATACCAGACATTTGTGAATTTC","GARGKRYQTFVNF",2,1,5,"K",711,552,174,49,334,1,"AAG","G",334,1467.7406702476,1326.4161053828,367.414164449512,100.855211024092,0.250326349809147,0.0760358763850999,0.163181113097124,0.123241975654358,631.5,0.123241975654358
"GGGGCACGAGGGACAAGATACCACACATTTGTGAATTTC","GARGTRYHTFVNF",1,1,8,"H",443,407,244,387,337,1,"CAC","C",337,914.499461209121,977.9915849471,515.224460492419,796.550340129053,0.563395039961212,0.814475658471171,0.688935349216192,0.177540807972905,425,0.177540807972905
"GGGGCACGAGGGACAAGAGCCCAGACATTTGTGAATTTC","GARGTRAQTFVNF",2,1,7,"A",397,321,261,481,336,1,"GCC","C",336,819.54014920998,771.339800412823,551.121246674268,990.027683726291,0.672476201691324,1.28351691847928,0.977996560085303,0.432071034421854,359,0.432071034421854
"TACGCACGAGGGACAAGATACCAGACATTTGTGAATTTC","YARGTRYQTFVNF",3,1,1,"Y",555,554,182,146,330,1,"TAC","C",330,1145.70474259833,1331.22196083708,384.306769711559,300.50736345954,0.33543264282907,0.225737985324835,0.280585314076952,0.0775658361811805,554.5,0.0775658361811805
"GGGGCACGAGGGACAAGATACCAGACATTTAAGAATTTC","GARGTRYQTFKNF",2,1,11,"K",638,558,88,136,340,1,"AAG","G",340,1317.0443707707,1340.83367174566,185.818657882512,279.924667332174,0.141087621652242,0.208769121204821,0.174928371428532,0.0478580472945026,598,0.0478580472945026
"GGGCCGCGAGGGACAAGATACCAGACATTTGTGAATTTC","GPRGTRYQTFVNF",2,1,2,"P",704,476,135,93,331,1,"CCG","G",331,1453.29034016077,1143.79359811995,285.062713797035,191.419073984501,0.196149871721779,0.167354559685538,0.181752215703658,0.0203613604072086,590,0.0203613604072086
"GGGGCACGAGGGACAAGAAACCAGACATTTGTGAATTTC","GARGTRNQTFVNF",1,1,7,"N",328,304,364,409,336,1,"AAC","C",336,677.101181211268,730.490029051396,768.613539423118,841.832271609258,1.1351531510374,1.15242130368631,1.14378722736185,0.0122104278366053,316,0.0122104278366053
"GGGGCACGAGGGACAAGATACCAGACATTTTTCAATTTC","GARGTRYQTFFNF",2,1,11,"F",429,448,210,294,340,1,"TTC","C",340,885.598801035469,1076.51162175995,443.430888128722,605.131266144552,0.500713062856734,0.562122371846988,0.531417717351861,0.0434229388149885,438.5,0.0434229388149885
"GGGGCACGAGGGCACAGATACCAGACATTTGTGAATTTC","GARGHRYQTFVNF",3,1,5,"H",509,395,184,275,334,1,"CAC","C",334,1050.74543059919,949.156452221387,388.52992102707,566.024143502557,0.369765986805681,0.596344408951597,0.483055197878639,0.160215138769926,452,0.160215138769926
"GGGGCACGAGGGACAAGATACAACACATTTGTGAATTTC","GARGTRYNTFVNF",2,1,8,"N",222,238,434,430,337,1,"AAC","C",337,458.281897039334,571.896799059975,916.423835466025,885.055933476726,1.99969460148099,1.54757979924261,1.7736372003618,0.319693442537578,230,0.319693442537578
"GGGAACCGAGGGACAAGATACCAGACATTTGTGAATTTC","GNRGTRYQTFVNF",3,1,2,"N",333,305,319,349,331,1,"AAC","C",331,687.422845559001,732.892956778539,673.592634824106,718.336094845064,0.979881072000672,0.980137806211891,0.980009439106282,0.000181538501715982,319,0.000181538501715982
"GGGGCACGAGGGACAAGATACCAGACACCCGTGAATTTC","GARGTRYQTPVNF",3,1,10,"P",377,237,424,264,339,1,"CCC","C",339,778.253491819049,569.493871332832,895.308078888467,543.383177762455,1.15040676116444,0.954151054322555,1.0522789077435,0.138773741154455,307,0.138773741154455
"GGGGCACGAGGGCAGAGATACCAGACATTTGTGAATTTC","GARGQRYQTFVNF",3,1,5,"Q",632,482,105,76,334,1,"CAG","G",334,1304.65837355342,1158.21116448281,221.715444064361,156.428490567979,0.169941379719572,0.135060423664481,0.152500901692026,0.024664560560825,557,0.024664560560825
"GGGATCCGAGGGACAAGATACCAGACATTTGTGAATTTC","GIRGTRYQTFVNF",3,1,2,"I",475,440,174,164,331,1,"ATC","C",331,980.558113034611,1057.28819994281,367.414164449512,337.556216488798,0.374699020451166,0.31926603976764,0.346982530109403,0.039197036542704,457.5,0.039197036542704
"CTCGCACGAGGGACAAGATACCAGACATTTGTGAATTTC","LARGTRYQTFVNF",3,1,1,"L",616,527,28,80,330,1,"CTC","C",330,1271.62904764067,1266.34291220423,59.1241184171629,164.661569018926,0.0464947844081254,0.130029210438989,0.0882619974235571,0.0590677591089497,571.5,0.0590677591089497
"GGGGCACGAGCCACAAGATACCAGACATTTGTGAATTTC","GARATRYQTFVNF",2,1,4,"A",278,209,380,364,333,1,"GCC","C",333,573.884537733941,502.211894972835,802.398749947211,749.210139036112,1.39818848076233,1.49182077632119,1.44500462854176,0.0662080311277353,243.5,0.0662080311277353
"GGGGCACGAGGGTAGAGATACCAGACATTTGTGAATTTC","GARG*RYQTFVNF",3,1,5,"*",513,443,145,122,334,1,"TAG","G",334,1059.00276207738,1064.49698312424,306.178470374594,251.108892753862,0.289119614545653,0.23589441467168,0.262507014608667,0.0376358997608953,478,0.0376358997608953
"GGGGCACGAGGGACAAGATACCAGACAACCGTGAATTTC","GARGTRYQTTVNF",3,1,10,"T",227,331,280,358,339,1,"ACC","C",339,468.603561387067,795.36907768425,591.241184171629,736.860521359693,1.26170868702226,0.926438482503107,1.09407358476268,0.237071835145291,279,0.237071835145291
"TTCGCACGAGGGACAAGATACCAGACATTTGTGAATTTC","FARGTRYQTFVNF",3,1,1,"F",432,326,200,231,330,1,"TTC","C",330,891.791799644109,783.354439048537,422.315131551163,475.460280542148,0.473557989342017,0.606954217454417,0.540256103398217,0.0943253774829851,379,0.0943253774829851
"GGGGCACGAGGGACAAGATACGTCACATTTGTGAATTTC","GARGTRYVTFVNF",3,1,8,"V",507,525,67,63,337,1,"GTC","C",337,1046.6167648601,1261.53705674994,141.47556906964,129.670985602404,0.135174185833485,0.102788090852021,0.118981138342753,0.0229004273775448,516,0.0229004273775448
"GGGTAGCGAGGGACAAGATACCAGACATTTGTGAATTTC","G*RGTRYQTFVNF",3,1,2,"*",570,452,103,30,331,1,"TAG","G",331,1176.66973564153,1086.12333266852,217.492292748849,61.7480883820972,0.1848371604716,0.0568518201615159,0.120844490316558,0.0904993020257285,511,0.0904993020257285
"GGGGCACGACTGACAAGATACCAGACATTTGTGAATTTC","GARLTRYQTFVNF",2,1,4,"L",231,234,316,358,333,1,"CTG","G",333,476.860892865253,562.285088151404,667.257907850838,736.860521359693,1.3992716069493,1.31047494747234,1.35487327721082,0.0627887200628658,232.5,0.0627887200628658
"GGGGCACGAGGGACAAGATACCAGACATTTTACAATTTC","GARGTRYQTFYNF",3,1,11,"Y",426,346,168,144,340,1,"TAC","C",340,879.40580242683,831.412993591392,354.744710502977,296.390824234066,0.403391368949369,0.356490488504118,0.379940928726744,0.0331639306064566,386,0.0331639306064566
"GGGGCACGAAAGACAAGATACCAGACATTTGTGAATTTC","GARKTRYQTFVNF",2,1,4,"K",295,310,271,186,333,1,"AAG","G",333,608.978196516232,744.907595414253,572.237003251827,382.838147969002,0.939667473360147,0.513940454260103,0.726803963810125,0.301034462139975,302.5,0.301034462139975
"GGGGCACGAGGGACAAGAATGCAGACATTTGTGAATTTC","GARGTRMQTFVNF",3,1,7,"M",265,337,217,225,336,1,"ATG","G",336,547.048210429835,809.786644047107,458.211917733012,463.110662865729,0.837607927412794,0.57189219687697,0.704750062144882,0.187889394929819,301,0.187889394929819
"GGGGCACGAGGGTTCAGATACCAGACATTTGTGAATTTC","GARGFRYQTFVNF",3,1,5,"F",430,475,51,54,334,1,"TTC","C",334,887.663133905016,1141.39067039281,107.690358545547,111.146559087775,0.121318949083527,0.0973781913334933,0.10934857020851,0.0169286721517933,452.5,0.0169286721517933
"GGGGCACGAGGGACAAGATACCAGCCCTTTGTGAATTTC","GARGTRYQPFVNF",2,1,9,"P",432,278,186,93,338,1,"CCC","C",338,891.791799644109,668.013908145685,392.753072342582,191.419073984501,0.440408930088076,0.286549533850058,0.363479231969067,0.108795022429171,355,0.108795022429171
"GGGGCACGAGGGTACAGATACCAGACATTTGTGAATTTC","GARGYRYQTFVNF",3,1,5,"Y",392,419,73,81,334,1,"TAC","C",334,809.218484862247,1006.82671767281,154.145023016175,166.719838631662,0.190486285100636,0.165589406503852,0.178037845802244,0.0176047516861642,405.5,0.0176047516861642
"GGGGCACGAGGGATCAGATACCAGACATTTGTGAATTTC","GARGIRYQTFVNF",2,1,5,"I",464,408,41,32,334,1,"ATC","C",334,957.850451469599,980.394512674242,86.5746019679885,65.8646276075703,0.0903842576209678,0.0671817587268109,0.0787830081738894,0.0164066443085317,436,0.0164066443085317
"GGGACCCGAGGGACAAGATACCAGACATTTGTGAATTTC","GTRGTRYQTFVNF",2,1,2,"T",314,251,142,228,331,1,"ACC","C",331,648.200521037616,603.13485951283,299.843743401326,469.285471703938,0.462578683092304,0.778077181748364,0.620327932420334,0.223091127853875,282.5,0.223091127853875
"GGGCTCCGAGGGACAAGATACCAGACATTTGTGAATTTC","GLRGTRYQTFVNF",3,1,2,"L",289,276,210,135,331,1,"CTC","C",331,596.592199298953,663.208052691399,443.430888128722,277.866397719437,0.743273024102211,0.418973196407693,0.581123110254952,0.229314607300423,282.5,0.229314607300423
"TCCGCACGAGGGACAAGATACCAGACATTTGTGAATTTC","SARGTRYQTFVNF",3,1,1,"S",395,313,88,107,330,1,"TCC","C",330,815.411483470887,752.116378595681,185.818657882512,220.234848562813,0.227883297757293,0.292820173619974,0.260351735688633,0.0459173052715707,354,0.0459173052715707
"GGGGCACGAGGGCCCAGATACCAGACATTTGTGAATTTC","GARGPRYQTFVNF",2,1,5,"P",186,146,283,243,334,1,"CCC","C",334,383.965913735658,350.827448162842,597.575911144896,500.159515894987,1.55632541787628,1.42565673955714,1.49099107871671,0.0923967085281511,166,0.0923967085281511
"GGGGCACGAGGGACAAGACACCAGACATTTGTGAATTTC","GARGTRHQTFVNF",1,1,7,"H",185,200,213,251,336,1,"CAC","C",336,381.901580866111,480.58554542855,449.765615101989,516.62567279688,1.17770032289987,1.07499211682738,1.12634621986362,0.0726256689973586,192.5,0.0726256689973586
"GGGGCACGAGGGACAAGAACGCAGACATTTGTGAATTTC","GARGTRTQTFVNF",3,1,7,"T",206,218,187,219,336,1,"ACG","G",336,425.252571126589,523.83824451712,394.864648000338,450.761045189309,0.928541471140911,0.860496632132742,0.894519051636827,0.0481149670874232,212,0.0481149670874232
"ATCGCACGAGGGACAAGATACCAGACATTTGTGAATTTC","IARGTRYQTFVNF",3,1,1,"I",396,364,39,25,330,1,"ATC","C",330,817.475816340433,874.665692679961,82.3514506524769,51.4567403184143,0.100738699550938,0.0588301802037664,0.0797844398773523,0.0296337982198728,380,0.0296337982198728
"GGGGCACGAGGGACAAGATACCAGACATTTCTCAATTTC","GARGTRYQTFLNF",2,1,11,"L",261,230,171,143,340,1,"CTC","C",340,538.790878951649,552.673377242833,361.079437476245,294.33255462133,0.670166202848151,0.532561485211557,0.601363844029854,0.0973012289640963,245.5,0.0973012289640963
"GGGGCACGAGGGCTCAGATACCAGACATTTGTGAATTTC","GARGLRYQTFVNF",3,1,5,"L",328,310,70,87,334,1,"CTC","C",334,677.101181211268,744.907595414253,147.810296042907,179.069456308082,0.218298682891808,0.240391502799081,0.229345092845444,0.0156219827719656,319,0.0156219827719656
"GGGGCACGAGGGACAAGATACCAGACATTTGACAATTTC","GARGTRYQTFDNF",2,1,11,"D",348,334,61,37,340,1,"GAC","C",340,718.387838602199,802.577860865679,128.806115123105,76.1559756712532,0.179298852516391,0.0948892056268654,0.137094029071628,0.0596866337131458,341,0.0596866337131458
"GGGGCACGAGGGACAAGATACCAGACATTTATCAATTTC","GARGTRYQTFINF",2,1,11,"I",319,303,52,97,340,1,"ATC","C",340,658.522185385349,728.087101324253,109.801934203303,199.652152435448,0.166739916498105,0.274214653813147,0.220477285155626,0.0759961155617089,311,0.0759961155617089
"GGGGCACGAGGGACAAGATACGCCACATTTGTGAATTTC","GARGTRYATFVNF",3,1,8,"A",268,261,65,113,337,1,"GCC","C",337,553.241209038475,627.164136784258,137.252417754128,232.584466239233,0.248087842177684,0.370851030213229,0.309469436195456,0.0868066827400134,264.5,0.0868066827400134
"GGGGCACGAGGGACAAGATACCAGACATTTTCCAATTTC","GARGTRYQTFSNF",3,1,11,"S",177,203,188,138,340,1,"TCC","C",340,365.386917909739,487.794328609978,396.976223658094,284.041206557647,1.08645439724297,0.582297066403073,0.834375731823023,0.356493067421804,190,0.356493067421804
"GGGGCACGAGGGACAAGATCCCAGACATTTGTGAATTTC","GARGTRSQTFVNF",1,1,7,"S",203,130,144,219,336,1,"TCC","C",336,419.059572517949,312.380604528558,304.066894716838,450.761045189309,0.725593482782961,1.44298666003798,1.08429007141047,0.507273580413989,166.5,0.507273580413989
"GGGTACCGAGGGACAAGATACCAGACATTTGTGAATTTC","GYRGTRYQTFVNF",3,1,2,"Y",318,256,78,39,331,1,"TAC","C",331,656.457852515802,615.149498148544,164.702901304954,80.2725148967263,0.250896383787242,0.130492693464479,0.190694538625861,0.0851382659071108,287,0.0851382659071108
"GGGGCACGATAGACAAGATACCAGACATTTGTGAATTTC","GAR*TRYQTFVNF",2,1,4,"*",346,210,55,64,333,1,"TAG","G",333,714.259172863106,504.614822699978,116.13666117657,131.729255215141,0.16259736743882,0.26104911962418,0.2118232435315,0.0696159015899653,278,0.0696159015899653
"GGGTCCCGAGGGACAAGATACCAGACATTTGTGAATTTC","GSRGTRYQTFVNF",2,1,2,"S",214,153,74,131,331,1,"TCC","C",331,441.767234082961,367.647942252841,156.25659867393,269.633319268491,0.353707986058075,0.733400866101019,0.543554426079547,0.268483410246616,183.5,0.268483410246616
"GGGGCACGAGGGACAAGATACCCCACATTTGTGAATTTC","GARGTRYPTFVNF",2,1,8,"P",152,101,140,156,337,1,"CCC","C",337,313.778596171075,242.695700441418,295.620592085814,321.090059586905,0.942131157743593,1.32301503076858,1.13257309425609,0.269325569460567,126.5,0.269325569460567
"GGGGCACGAGGGACAAGAATCCAGACATTTGTGAATTTC","GARGTRIQTFVNF",2,1,7,"I",211,175,90,35,336,1,"ATC","C",336,435.574235474322,420.512352249981,190.041809198024,72.03943644578,0.436301768379565,0.171313484753368,0.303807626566466,0.187375012287068,193,0.187375012287068
"GGGGCACGAGGGACAAGATACCAGACATTTCACAATTTC","GARGTRYQTFHNF",3,1,11,"H",149,174,66,97,340,1,"CAC","C",340,307.585597562436,418.109424522839,139.363993411884,199.652152435448,0.453090113829517,0.477511724743583,0.46530091928655,0.0172686866848354,161.5,0.0172686866848354
"GGGGCACGAGGGACAAGATACCAGACATTTCCCAATTTC","GARGTRYQTFPNF",3,1,11,"P",134,112,116,108,340,1,"CCC","C",340,276.620604519238,269.127905439988,244.942776299675,222.29311817555,0.885482759772656,0.825975730060881,0.855729244916768,0.0420778242374656,123,0.0420778242374656
"GGGTTCCGAGGGACAAGATACCAGACATTTGTGAATTTC","GFRGTRYQTFVNF",3,1,2,"F",241,135,35,49,331,1,"TTC","C",331,497.504221560718,324.395243164271,73.9051480214536,100.855211024092,0.148551800806044,0.310902250107964,0.229727025457004,0.114799103630071,188,0.114799103630071
"GGGGCACGAGGGACAAGATACCTCACATTTGTGAATTTC","GARGTRYLTFVNF",2,1,8,"L",183,229,0,33,337,1,"CTC","C",337,377.772915127018,550.27044951569,0,67.9228972203069,0,0.123435480280811,0.0617177401404054,0.0872820651455797,206,0.0872820651455797
"GGGGCACGAGGGACAAGATACCAGACATTTAACAATTTC","GARGTRYQTFNNF",3,1,11,"N",105,134,71,123,340,1,"AAC","C",340,216.754951302388,321.992315437129,149.921871700663,253.167162366598,0.691665269004684,0.786252187487472,0.738958728246078,0.0668830514707187,119.5,0.0668830514707187
"GGGGCACGAGGGACAAGAACCCAGACATTTGTGAATTTC","GARGTRTQTFVNF",2,1,7,"T",85,89,157,100,336,1,"ACC","C",336,175.468293911457,213.860567715705,331.517378267663,205.826961273657,1.88932923936076,0.96243530760319,1.42588227348198,0.655412984586441,87,0.655412984586441
"ACCGCACGAGGGACAAGATACCAGACATTTGTGAATTTC","TARGTRYQTFVNF",3,1,1,"T",191,218,0,4,330,1,"ACC","C",330,394.287578083391,523.83824451712,0,8.23307845094629,0,0.0157168334636117,0.00785841673180586,0.0111134795208995,204.5,0.0111134795208995
"GGGCCCCGAGGGACAAGATACCAGACATTTGTGAATTTC","GPRGTRYQTFVNF",2,1,2,"P",153,166,33,53,331,1,"CCC","C",331,315.842929040622,398.886002705697,69.681996705942,109.088289475038,0.220622310328752,0.27348237023881,0.247052340283781,0.0373777068163295,159.5,0.0373777068163295
"GGGGCACGAGGGACAAGATACCAGACATTTACCAATTTC","GARGTRYQTFTNF",3,1,11,"T",135,133,70,47,340,1,"ACC","C",340,278.684937388784,319.589387709986,147.810296042907,96.7386717986189,0.530384948063059,0.302696758774748,0.416540853418904,0.160999862641851,134,0.160999862641851
"GGGGCACGAGGGACAAGATACTACACATTTGTGAATTTC","GARGTRYYTFVNF",2,1,8,"Y",130,188,1,40,337,1,"TAC","C",337,268.363273041051,451.750412702837,2.11157565775582,82.3307845094629,0.00786834813060583,0.182248388035498,0.0950583680830518,0.12330530872033,159,0.12330530872033
"GGGGCACGAGGGACAAGACTGCAGACATTTGTGAATTTC","GARGTRLQTFVNF",3,1,7,"L",91,152,41,73,336,1,"CTG","G",336,187.854291128736,365.245014525698,86.5746019679885,150.25368172977,0.460860390506913,0.411377775888021,0.436119083197467,0.0349894923478586,121.5,0.0349894923478586
"GGGGCACGAGGGACAAGATACATCACATTTGTGAATTTC","GARGTRYITFVNF",3,1,8,"I",224,105,8,17,337,1,"ATC","C",337,462.410562778427,252.307411349989,16.8926052620465,34.9905834165217,0.0365316163206699,0.138682344800345,0.0876069805605077,0.0722314728111243,164.5,0.0722314728111243
"GGGGCACGATACACAAGATACCAGACATTTGTGAATTTC","GARYTRYQTFVNF",3,1,4,"Y",55,55,124,101,333,1,"TAC","C",333,113.53830782506,132.161024992851,261.835381561721,207.885230886394,2.30614130664302,1.5729692690991,1.93955528787106,0.518430919523658,55,0.518430919523658
"GGGGCACGAGGGACAAGATACTTCACATTTGTGAATTTC","GARGTRYFTFVNF",3,1,8,"F",146,141,32,12,337,1,"TTC","C",337,301.392598953796,338.812809527128,67.5704210481862,24.6992353528389,0.224194028926851,0.0728993552141991,0.148546692070525,0.106981489739622,143.5,0.106981489739622
"GGGGCACGAGGGACAAGACCGCAGACATTTGTGAATTTC","GARGTRPQTFVNF",3,1,7,"P",74,59,28,130,336,1,"CCG","G",336,152.760632346445,141.772735901422,59.1241184171629,267.575049655754,0.387037664802773,1.8873519506727,1.13719480773773,1.06088240544968,66.5,1.06088240544968
"GGGGCACGAGGGACAAGATACTCCACATTTGTGAATTTC","GARGTRYSTFVNF",3,1,8,"S",78,60,60,91,337,1,"TCC","C",337,161.017963824631,144.175663628565,126.694539465349,187.302534759028,0.786834813060583,1.29912725937971,1.04298103622014,0.362245462742897,69,0.362245462742897
"GGGGCACGAGGGACAAGATACACCACATTTGTGAATTTC","GARGTRYTTFVNF",3,1,8,"T",99,65,18,42,337,1,"ACC","C",337,204.368954085108,156.190302264279,38.0083618396047,86.447323734936,0.185979137632501,0.553474335357035,0.369726736494768,0.259858346364509,82,0.259858346364509
"GGGGCACGAGGGACAAGACTCCAGACATTTGTGAATTTC","GARGTRLQTFVNF",2,1,7,"L",85,69,27,40,336,1,"CTC","C",336,175.468293911457,165.80201317285,57.0125427594071,82.3307845094629,0.324916493393252,0.496560825372081,0.410738659382667,0.121370871094464,77,0.121370871094464
"GGGGCACGACACACAAGATACCAGACATTTGTGAATTTC","GARHTRYQTFVNF",3,1,4,"H",34,11,52,98,333,1,"CAC","C",333,70.1873175645827,26.4322049985703,109.801934203303,201.710422048184,1.56441274596751,7.63123704810457,4.59782489703604,4.28989260430846,22.5,4.28989260430846
"GGGGCACGAATCACAAGATACCAGACATTTGTGAATTTC","GARITRYQTFVNF",3,1,4,"I",32,32,36,38,333,1,"ATC","C",333,66.0586518254895,76.893687268568,76.0167236792094,78.2142452839897,1.1507459141011,1.01717381572312,1.08395986491211,0.0944497365403869,32,0.0944497365403869
"GGGGCACGACTCACAAGATACCAGACATTTGTGAATTTC","GARLTRYQTFVNF",3,1,4,"L",47,35,11,27,333,1,"CTC","C",333,97.0236448686878,84.1024704499963,23.227332235314,55.5732795438875,0.239398677165241,0.660780584048705,0.450089630606973,0.297962003826615,41,0.297962003826615
"GGGGCACGATTCACAAGATACCAGACATTTGTGAATTTC","GARFTRYQTFVNF",3,1,4,"F",13,34,46,22,333,1,"TTC","C",333,26.8363273041051,81.6995427228535,97.1324802567676,45.2819314802046,3.61944014007868,0.55424950949619,2.08684482478743,2.16741708051435,23.5,2.16741708051435
"GGGGCACGAGGGACAAGACCCCAGACATTTGTGAATTTC","GARGTRPQTFVNF",2,1,7,"P",31,17,32,26,336,1,"CCC","C",336,63.994318955943,40.8497713614268,67.5704210481862,53.5150099311509,1.05588155559098,1.31004429517281,1.18296292538189,0.179720196683268,24,0.179720196683268
"GGGGCACGAGGGACAAGATACCAGACAGGGGTGAATTTC","GARGTRYQTGVNF",3,1,10,"G",24,17,15,14,339,1,"GGG","G",339,49.5439888691172,40.8497713614268,31.6736348663373,28.815774578312,0.639303285611723,0.705408466631515,0.672355876121619,0.0467434217706586,20.5,0.0467434217706586
"GGGGCACGAGGGACAAGATACCAGACATGGGTGAATTTC","GARGTRYQTWVNF",2,1,10,"W",8,9,12,11,339,1,"TGG","G",339,16.5146629563724,21.6263495442848,25.3389078930698,22.6409657401023,1.53432788546814,1.04691574015947,1.2906218128138,0.344652433180441,8.5,0.344652433180441
"GGGGCACGACCCACAAGATACCAGACATTTGTGAATTTC","GARPTRYQTFVNF",3,1,4,"P",14,1,16,1,333,1,"CCC","C",333,28.9006601736517,2.40292772714275,33.7852105240931,2.05826961273657,1.16901172226144,0.856567423766839,1.01278957301414,0.220931482208604,7.5,0.220931482208604
"GGGGCACGAAACACAAGATACCAGACATTTGTGAATTTC","GARNTRYQTFVNF",3,1,4,"N",15,6,7,1,333,1,"AAC","C",333,30.9649930431982,14.4175663628565,14.7810296042907,2.05826961273657,0.477346453256754,0.142761237294473,0.310053845275613,0.236587475091694,10.5,0.236587475091694
"GGGGCACGAGGGACAAGATACCAGACAGGCGTGAATTTC","GARGTRYQTGVNF",3,1,10,"G",6,5,3,6,339,1,"GGC","C",339,12.3859972172793,12.0146386357138,6.33472697326745,12.3496176764194,0.511442628489379,1.02788090852021,0.769661768504793,0.365177009874116,5.5,0.365177009874116
"GGGGCACGAGGGACAAGATACCAGACAAGGGTGAATTTC","GARGTRYQTRVNF",3,1,10,"R",6,6,3,2,339,1,"AGG","G",339,12.3859972172793,14.4175663628565,6.33472697326745,4.11653922547314,0.511442628489379,0.285522474588946,0.398482551539163,0.159749672829704,6,0.159749672829704
"GGGGCACGAGGGACAAGATACCAGACATGCGTGAATTTC","GARGTRYQTCVNF",2,1,10,"C",4,2,0,10,339,1,"TGC","C",339,8.25733147818619,4.8058554542855,0,20.5826961273657,0,4.2828371188342,2.1414185594171,3.02842316944512,3,3.02842316944512
"GGGGCACGAGGGACAAGATACCAGACAAGCGTGAATTTC","GARGTRYQTSVNF",3,1,10,"S",3,1,5,1,339,1,"AGC","C",339,6.19299860863965,2.40292772714275,10.5578782887791,2.05826961273657,1.70480876163126,0.856567423766839,1.28068809269905,0.599797202086683,2,0.599797202086683
"GGGGCACGAGGGACAAGATACCAGACACGGGTGAATTTC","GARGTRYQTRVNF",3,1,10,"R",4,1,3,1,339,1,"CGG","G",339,8.25733147818619,2.40292772714275,6.33472697326745,2.05826961273657,0.767163942734068,0.856567423766839,0.811865683250454,0.0632178076999552,2.5,0.0632178076999552
"GGGGCACGAGGGACAAGATACCAGACACGCGTGAATTTC","GARGTRYQTRVNF",3,1,10,"R",2,3,1,0,339,1,"CGC","C",339,4.1286657390931,7.20878318142825,2.11157565775582,0,0.511442628489379,0,0.255721314244689,0.361644550792712,2.5,0.361644550792712
