"seq_nt","seq_aa","dist_nt","dist_aa","mut_index","mut_aa","InputA","InputB","SortA","SortB","mut_site","dist_codon","mut_codon","mut_codonWob","mutcod_index","InputA_norm","InputB_norm","SortA_norm","SortB_norm","enrichA","enrichB","enrichAvg","enrichStdDev"
"GGGGCACGAGGGACAAGATACCAGACATTTGTGAATTTC","GARGTRYQTFVNF",0,0,NA,"",20525,30563,24008,28606,NA,0,NA,NA,NA,59942.2335016486,58768.4450580512,52212.7569805855,59262.6046459595,0.871051242679329,1.00840858708139,0.939729914880358,0.0971263096724708
"GGGGCACGAGGGACAAGATACCAGAGGTTTGTGAATTTC","GARGTRYQRFVNF",2,1,9,"R",6078,9526,6874,7216,338,1,"AGG","G",338,17750.4942861398,18317.1876982952,14949.6206049877,14949.2748068672,0.842208693684708,0.816133734779525,0.829171214232116,0.0184377802610156
"GGGGCACGAGGGACAAGATACCAGTAGTTTGTGAATTTC","GARGTRYQ*FVNF",3,1,9,"*",1360,2003,13840,11308,338,1,"TAG","G",338,3971.81181789243,3851.49348726488,30099.3234176651,23426.607471737,7.57823502162717,6.08247360386252,6.83035431274485,1.05766304153859
"TAGGCACGAGGGACAAGATACCAGACATTTGTGAATTTC","*ARGTRYQTFVNF",2,1,1,"*",1399,2243,12011,9580,330,1,"TAG","G",330,4085.70936267023,4312.98047525468,26121.60213653,19846.7367862788,6.39340682800261,4.60162917503281,5.49751800151771,1.26697812879346
"GGGGCACGATGGACAAGATACCAGACATTTGTGAATTTC","GARWTRYQTFVNF",1,1,4,"W",3902,6033,5598,6207,333,1,"TGG","G",333,11395.595377512,11600.6291605936,12174.567376596,12858.9452225921,1.06835728834505,1.10846963941171,1.08841346387838,0.0283637154485688
"GGGGGGCGAGGGACAAGATACCAGACATTTGTGAATTTC","GGRGTRYQTFVNF",2,1,2,"G",4572,6400,3884,4439,331,1,"GGG","G",331,13352.2967877972,12306.319679728,8446.94885507306,9196.20716015571,0.632621412579207,0.74727517239004,0.689948292484623,0.0810724510507741
"GGGGCACGAGGGTGGAGATACCAGACATTTGTGAATTTC","GARGWRYQTFVNF",3,1,5,"W",1861,3338,6678,7101,334,1,"TGG","G",334,5434.95720080721,6418.51485795815,14523.3585103445,14711.0310980549,2.67221212122653,2.29196806794255,2.48209009458454,0.268873148582964
"GGGGCACGAGGGACAAGATACTAGACATTTGTGAATTTC","GARGTRY*TFVNF",1,1,8,"*",846,1388,8336,7832,337,1,"TAG","G",337,2470.70058671838,2668.93308054102,18129.1878619694,16225.4324123315,7.3376709259817,6.07937026620482,6.70852059609326,0.889752929299738
"GGGAGGCGAGGGACAAGATACCAGACATTTGTGAATTTC","GRRGTRYQTFVNF",3,1,2,"R",3677,5452,4457,4374,331,1,"AGG","G",331,10738.49415764,10483.4460771683,9693.11303992292,9061.54767256613,0.902651051220867,0.864367270634519,0.883509160927693,0.0270707208620645
"GGGGCACGAGGGACAAGATACCAGACATAGGTGAATTTC","GARGTRYQT*VNF",2,1,10,"*",1232,1584,7830,6673,339,1,"TAG","G",339,3597.99423503196,3045.81412073269,17028.7357196761,13824.3501643882,4.732841301933,4.53880296577738,4.63582213385519,0.137205823305794
"GGGGCACGAGGGACAAGATACCAGGTGTTTGTGAATTTC","GARGTRYQVFVNF",3,1,9,"V",3475,4660,3696,4068,338,1,"GTG","G",338,10148.5632846884,8960.53901680197,8038.08521327241,8427.61223868291,0.792041689822229,0.940525142837973,0.866283416330101,0.104993656521427
"GGGGCACGAGGGACAAGATACCAGACAGTGGTGAATTTC","GARGTRYQTVVNF",2,1,10,"V",3061,4775,3466,4143,339,1,"GTG","G",339,8939.49704012406,9181.66819854708,7537.87969404821,8582.98857051703,0.843210715347314,0.934796203142607,0.88900345924496,0.0647607194783291
"GGGGCACGAGGGGGGAGATACCAGACATTTGTGAATTTC","GARGGRYQTFVNF",3,1,5,"G",3357,5148,3353,3524,334,1,"GGG","G",334,9803.95020048888,9898.89589238123,7292.12654764675,7300.61591177939,0.743794735644732,0.73751820315621,0.740656469400471,0.00443817868497221
"GGGGCACGAGTGACAAGATACCAGACATTTGTGAATTTC","GARVTRYQTFVNF",1,1,4,"V",2953,4820,3209,3362,333,1,"GTG","G",333,8624.08845458554,9268.19700879517,6978.95439648029,6965.00303501768,0.809239658571624,0.751494927050877,0.780367292811251,0.0408316912361172
"GGGGCACGAAGGACAAGATACCAGACATTTGTGAATTTC","GARRTRYQTFVNF",1,1,4,"R",3056,4651,2721,3097,333,1,"AGG","G",333,8924.89479079357,8943.23325475235,5917.64877308285,6416.00666253711,0.663049695463881,0.7174146619879,0.69023217872589,0.0384418364881139
"GGCGCACGAGGGACAAGATACCAGACATTTGTGAATTTC","GARGTRYQTFVNF",1,0,NA,"",2025,3166,3607,4208,NA,1,"GGC","C",330,5913.91097884718,6087.78251656546,7844.5274253987,8717.6480581066,1.32645341694471,1.43199071819419,1.37922206756945,0.0746261413816325
"GGGGCACGAGGGACAAGATACCAGACAGAGGTGAATTTC","GARGTRYQTEVNF",3,1,10,"E",2585,4183,2959,3128,339,1,"GAG","G",339,7549.36290386171,8043.33362817224,6435.25274514964,6480.22887969521,0.852423287514477,0.805664563881552,0.829043925698015,0.0330634105604686
"GGGGCACGAGGGACAAGATACCAGACATTTTAGAATTTC","GARGTRYQTF*NF",2,1,11,"*",748,1189,5444,5373,340,1,"TAG","G",340,2184.49649984084,2286.28345299947,11839.6471593764,11131.1604125967,5.41985174168922,4.86867032956619,5.1442610356277,0.389744114176171
"GGGGCACGAGGGACAAGATACCAGTGGTTTGTGAATTTC","GARGTRYQWFVNF",3,1,9,"W",2407,3624,2873,3623,338,1,"TGG","G",338,7029.52282769638,6968.453518646,6248.21937709189,7505.71266980043,0.888853984864215,1.07709876369511,0.982976374279662,0.133109159634287
"GGGGGCCGAGGGACAAGATACCAGACATTTGTGAATTTC","GGRGTRYQTFVNF",2,1,2,"G",2882,4629,2361,2631,331,1,"GGC","C",331,8416.73651409263,8900.93028085329,5134.71839516671,5450.60172074108,0.610060489189528,0.612363151800641,0.611211820495084,0.00162822834710288
"GGGGCACGAGGGACAAGATACCAGACATTGGTGAATTTC","GARGTRYQTLVNF",1,1,10,"L",2742,3943,2640,2956,339,1,"TTG","G",339,8007.873532839,7581.84664018244,5741.48943805172,6123.89915868896,0.716980533534502,0.807705490405646,0.762343011970074,0.0641522322264428
"GGGGTGCGAGGGACAAGATACCAGACATTTGTGAATTTC","GVRGTRYQTFVNF",2,1,2,"V",2742,4213,2496,2741,331,1,"GTG","G",331,8007.873532839,8101.01950167097,5428.31728688526,5678.48700743113,0.67787250443262,0.700959552838979,0.6894160286358,0.0163250084857188
"GGGGCACGAGGGACAAGATACCAGACATTTGGGAATTTC","GARGTRYQTFGNF",1,1,11,"G",2511,3345,2615,3418,340,1,"GGG","G",340,7333.2496137705,6431.97489510785,5687.11927291866,7081.01736278716,0.775525118119433,1.10090873771491,0.93821692791717,0.230080963902984
"GGGGCACGAGGGACAAGATAGCAGACATTTGTGAATTTC","GARGTR*QTFVNF",1,1,7,"*",614,1211,5379,4417,336,1,"TAG","G",336,1793.15621778379,2328.58642689854,11698.2847300304,9150.6301028177,6.52385141573924,3.92969313791178,5.22677227682551,1.83434690972301
"GGGGCAGGGGGGACAAGATACCAGACATTTGTGAATTTC","GAGGTRYQTFVNF",2,1,3,"G",2044,3064,3196,3142,332,1,"GGG","G",332,5969.39952630303,5891.65054666979,6950.6819106111,6509.23246163758,1.16438544278771,1.10482324266786,1.13460434272778,0.0421168356071369
"CGGGCACGAGGGACAAGATACCAGACATTTGTGAATTTC","RARGTRYQTFVNF",1,1,1,"R",2503,3865,2394,2605,330,1,"CGG","G",330,7309.88601484173,7431.86336908576,5206.48701314236,5396.73792570525,0.71225283165446,0.726162155799851,0.719207493727155,0.00983537742492747
"GGGGCACGAGGGGGCAGATACCAGACATTTGTGAATTTC","GARGGRYQTFVNF",3,1,5,"G",2605,3716,2570,2388,334,1,"GGC","C",334,7607.77190118366,7145.35686404209,5589.25297567914,4947.18240559852,0.734676729044614,0.692363236676737,0.713519982860676,0.0299201573890113
"GAGGCACGAGGGACAAGATACCAGACATTTGTGAATTTC","EARGTRYQTFVNF",1,1,1,"E",2268,3798,2335,2790,330,1,"GAG","G",330,6623.58029630884,7303.0315849386,5078.17342342832,5779.99954422943,0.766681038993105,0.791452080824873,0.779066559908989,0.0175157716562988
"GGGGCACGAGGGACAAGATACTGGACATTTGTGAATTTC","GARGTRYWTFVNF",2,1,8,"W",2003,3282,2896,2961,337,1,"TGG","G",337,5849.66108179304,6310.83456076053,6298.23992901431,6134.25758081123,1.0766845875255,0.972020027105889,1.02435230731569,0.0740090204226167
"GCGGCACGAGGGACAAGATACCAGACATTTGTGAATTTC","AARGTRYQTFVNF",1,1,1,"A",2162,3987,2441,2529,330,1,"GCG","G",330,6314.01261050252,7666.45258798057,5308.70292359252,5239.28990944667,0.84078117214435,0.683404723282422,0.762092947713386,0.111281954189327
"GGGGCACGACGGACAAGATACCAGACATTTGTGAATTTC","GARRTRYQTFVNF",1,1,4,"R",2267,4065,2323,2443,333,1,"CGG","G",333,6620.65984644275,7816.43585907726,5052.07574416445,5061.12504894354,0.763077376174055,0.64749780337109,0.705287589772573,0.0817270996956204
"GGGGCACGAGGGACAAGATACCAGATGTTTGTGAATTTC","GARGTRYQMFVNF",2,1,9,"M",2027,2985,3106,2931,338,1,"ATG","G",338,5919.75187857938,5739.74441312315,6754.94931613206,6072.10704807758,1.14108656151195,1.05790547645197,1.09949601898196,0.0588179093123687
"GGGGCACGAGGGACAAGATACCAGGGGTTTGTGAATTTC","GARGTRYQGFVNF",3,1,9,"G",2112,3149,2634,3001,338,1,"GGG","G",338,6167.99011719765,6055.09385491618,5728.44059841979,6217.12495778943,0.928736993667952,1.02675947008512,0.977748231876538,0.0693123577832808
"GGGGCATAGGGGACAAGATACCAGACATTTGTGAATTTC","GA*GTRYQTFVNF",3,1,3,"*",620,899,5107,4185,332,1,"TAG","G",332,1810.67891698037,1728.6533425118,11106.7373333826,8669.99931634414,6.13401814602507,5.01546440985462,5.57474127793985,0.790936931967679
"GGGGCACGAGGGACAAGATACCAGCGGTTTGTGAATTTC","GARGTRYQRFVNF",3,1,9,"R",2103,3049,2775,2731,338,1,"CGG","G",338,6141.70606840278,5862.80760992043,6035.08832977027,5657.77016318658,0.982640371023124,0.965027430477694,0.973833900750409,0.0124542296963092
"TGGGCACGAGGGACAAGATACCAGACATTTGTGAATTTC","WARGTRYQTFVNF",1,1,1,"W",2084,3607,2627,2259,330,1,"TGG","G",330,6086.21752094693,6935.76485699672,5713.21695218253,4679.93511484383,0.938713894552628,0.674754004977946,0.806733949765287,0.18664782787951
"GGGCGGCGAGGGACAAGATACCAGACATTTGTGAATTTC","GRRGTRYQTFVNF",3,1,2,"R",2237,3653,2125,2464,331,1,"CGG","G",331,6533.04635045982,7024.21652969476,4621.46403631057,5104.6304218571,0.707398017463215,0.726718830531114,0.717058423997164,0.0136618779383492
"GGGGCACGAGGGACAAGATACCAGGCGTTTGTGAATTTC","GARGTRYQAFVNF",2,1,9,"A",1983,3009,2644,2840,338,1,"GCG","G",338,5791.25208447109,5785.89311192213,5750.18866447301,5883.58376545218,0.992909405531113,1.01688428245049,1.0048968439908,0.0169527980478052
"GGGGCACGAGGGACAAGATACCAGGTCTTTGTGAATTTC","GARGTRYQVFVNF",3,1,9,"V",2270,3134,2337,2723,338,1,"GTC","C",338,6629.42119604104,6026.25091816682,5082.52303663897,5641.19668779094,0.766661656627603,0.936103850369873,0.851382753498738,0.119813724214284
"GGGGAGCGAGGGACAAGATACCAGACATTTGTGAATTTC","GERGTRYQTFVNF",2,1,2,"E",2032,3297,2631,2462,331,1,"GAG","G",331,5934.35412790986,6339.67749750989,5721.91617860382,5100.48705300819,0.964202010070999,0.804534150989789,0.884368080530394,0.112902225893862
"GGGGCACGAGGGACAAGATACGGGACATTTGTGAATTTC","GARGTRYGTFVNF",2,1,8,"G",2037,2699,2806,2854,337,1,"GGG","G",337,5948.95637724035,5189.80575243531,6102.50733453528,5912.58734739455,1.02581141086904,1.13926948896307,1.08254044991605,0.0802269764006805
"GGGGCACGAGGGACAAGAGGGCAGACATTTGTGAATTTC","GARGTRGQTFVNF",3,1,7,"G",2372,3917,2069,1974,336,1,"GGG","G",336,6927.30708238297,7531.85221648355,4499.6748664125,4089.50505387415,0.649556142509656,0.542961403959072,0.596258773234364,0.0753738624679254
"GGGGCACGAGGGACAAGATACCAGACGTTTGTGAATTTC","GARGTRYQTFVNF",1,0,NA,"",2020,3045,2409,2689,NA,1,"ACG","G",338,5899.30872951669,5855.1161601206,5239.1091122222,5570.75941735947,0.888088647744227,0.951434483111045,0.919761565427636,0.0447922697478038
"GGGGCACGAGGCACAAGATACCAGACATTTGTGAATTTC","GARGTRYQTFVNF",1,0,NA,"",1990,3039,2409,2584,NA,1,"GGC","C",333,5811.69523353377,5843.57898542086,5239.1091122222,5353.2325527917,0.901476918815748,0.916087994386227,0.908782456600988,0.010331590616315
"GGGGCGCGAGGGACAAGATACCAGACATTTGTGAATTTC","GARGTRYQTFVNF",1,0,NA,"",1903,2971,2246,2632,NA,1,"GCG","G",331,5557.6160951833,5712.82433882375,4884.61563555461,5452.67340516554,0.878904831117793,0.954461940674379,0.916683385896086,0.0534269445343168
"GGGGCACGAGGGGCGAGATACCAGACATTTGTGAATTTC","GARGARYQTFVNF",2,1,5,"A",2019,3196,2173,2251,334,1,"GCG","G",334,5896.3882796506,6145.46839006418,4725.85475336606,4663.36163944819,0.801482963677232,0.758829326498168,0.7801561450877,0.030160676091587
"GGGGCACGAGCGACAAGATACCAGACATTTGTGAATTTC","GARATRYQTFVNF",1,1,4,"A",2012,3222,2332,1973,333,1,"GCG","G",333,5875.94513058792,6195.46281376308,5071.64900361235,4087.4333694497,0.863120551826002,0.65974625178438,0.761433401805191,0.143807346678499
"GGGGCACGAGGGACAAGATACCAGACAGCGGTGAATTTC","GARGTRYQTAVNF",3,1,10,"A",2413,2813,1995,2240,339,1,"GCG","G",339,7047.04552689296,5409.01207173046,4338.73917761863,4640.57311077918,0.615682013272245,0.857933583663562,0.736807798467904,0.17129772817679
"GTGGCACGAGGGACAAGATACCAGACATTTGTGAATTTC","VARGTRYQTFVNF",1,1,1,"V",1873,2978,2200,2354,330,1,"GTG","G",330,5470.00259920038,5726.28437597345,4784.57453170977,4876.74513516705,0.874693283035951,0.851642149598625,0.863167716317288,0.0162996127675692
"GGGGCACGAGAGACAAGATACCAGACATTTGTGAATTTC","GARETRYQTFVNF",1,1,4,"E",2168,3029,1906,2178,333,1,"GAG","G",333,6331.53530969911,5824.35036092128,4145.18138974492,4512.12867646297,0.654688189670999,0.774700764352585,0.714694477011792,0.0848617053850065
"GGGGCACGAGGGACAAGATACCAGTTGTTTGTGAATTTC","GARGTRYQLFVNF",3,1,9,"L",1960,2630,2089,2556,338,1,"TTG","G",338,5724.08173755085,5057.12824338824,4543.17099851896,5295.22538890696,0.793694291385649,1.04708149251109,0.920387891948371,0.179171808181681
"GGGGCACGAGGGACAAGATACCGGACATTTGTGAATTTC","GARGTRYRTFVNF",1,1,8,"R",1813,2987,2021,2411,337,1,"CGG","G",337,5294.77560723454,5743.59013802307,4395.28414935702,4994.83114736098,0.830117171226577,0.869635720399819,0.849876445813198,0.0279438341030531
"GGGGCACGAGGGACAAGATGGCAGACATTTGTGAATTTC","GARGTRWQTFVNF",2,1,7,"W",1996,2922,2067,2242,336,1,"TGG","G",336,5829.21793273036,5618.60407877583,4495.32525320186,4644.71647962809,0.77117124545321,0.826667338453945,0.798919291953577,0.0392416636901784
"AGGGCACGAGGGACAAGATACCAGACATTTGTGAATTTC","RARGTRYQTFVNF",1,1,1,"R",1927,3320,1746,2158,330,1,"AGG","G",330,5627.70689196964,6383.90333385892,3797.2123328933,4470.69498797387,0.67473527065023,0.700307437968589,0.687521354309409,0.018082252920449
"GGGAGCCGAGGGACAAGATACCAGACATTTGTGAATTTC","GSRGTRYQTFVNF",3,1,2,"S",1839,2922,1969,2281,331,1,"AGC","C",331,5370.70730375307,5618.60407877583,4282.19420588024,4725.51217218184,0.797324069939136,0.84104736798102,0.819185718960078,0.0309170405412568
"GGGGCACGAGGGGTGAGATACCAGACATTTGTGAATTTC","GARGVRYQTFVNF",3,1,5,"V",1586,2111,2503,2784,334,1,"GTG","G",334,4631.83348763043,4059.16263186029,5443.54093312252,5767.5694376827,1.17524538558215,1.42087665875054,1.29806102216634,0.173687538928857
"GGGGCACGAGGGACAAGATACCAGGGCTTTGTGAATTTC","GARGTRYQGFVNF",3,1,9,"G",1550,2199,2861,2229,338,1,"GGC","C",338,4526.69729245093,4228.37452745655,6222.12169782802,4617.78458211018,1.37453893994735,1.09209450395773,1.23331672195254,0.199718375996665
"GGGGCATGGGGGACAAGATACCAGACATTTGTGAATTTC","GAWGTRYQTFVNF",2,1,3,"W",1738,2596,2336,2073,332,1,"TGG","G",332,5075.74186727723,4991.75092008968,5080.34823003364,4294.6018118952,1.00090752502331,0.860339764672802,0.930623644848055,0.099396416560049
"GGGGCACGAGGGACAAGATACCAGACAGTCGTGAATTTC","GARGTRYQTVVNF",2,1,10,"V",1847,2711,2203,1952,339,1,"GTC","C",339,5394.07090268185,5212.88010183479,4791.09895152574,4043.92799653614,0.888215790627386,0.775756955375357,0.831986373001372,0.07952040501105
"GGGCGCCGAGGGACAAGATACCAGACATTTGTGAATTTC","GRRGTRYQTFVNF",3,1,2,"R",1761,2499,2025,2027,331,1,"CGC","C",331,5142.91221419747,4805.2332624438,4403.98337577831,4199.30432837027,0.856320931090504,0.873902285075464,0.865111608082984,0.0124318946252062
"GGGGCACGAGGGACAAGATACCAGCTGTTTGTGAATTTC","GARGTRYQLFVNF",3,1,9,"L",1485,2229,2267,2070,338,1,"CTG","G",338,4336.8680511546,4286.06040095528,4930.28657426638,4288.38675862183,1.13683112239345,1.0005427729544,1.06868694767392,0.0963704160850763
"GGGTAGCGAGGGACAAGATACCAGACATTTGTGAATTTC","G*RGTRYQTFVNF",3,1,2,"*",434,759,3335,3387,331,1,"TAG","G",331,1267.47524188626,1459.45259951775,7252.98002875094,7016.79514562906,5.72238398752234,4.80782667963841,5.26510533358038,0.646689674188439
"GGGGCACGAGGGACAAGATACAGGACATTTGTGAATTTC","GARGTRYRTFVNF",2,1,8,"R",1729,2220,1851,2103,337,1,"AGG","G",337,5049.45781848236,4268.75463890566,4025.56702645217,4356.75234462885,0.797227577922827,1.0206143742536,0.908920976088213,0.157958318513027
"GGGGCACGAGGGACATGGTACCAGACATTTGTGAATTTC","GARGTWYQTFVNF",2,1,6,"W",1575,2650,1605,1891,335,1,"TGG","G",335,4599.70853910336,5095.58549238739,3490.56460154281,3917.55524664439,0.758866474227351,0.768813564701656,0.763840019464503,0.00703365512745724
"GGGGCACGAGGGACAAGATACCAGACATTTTTGAATTTC","GARGTRYQTFLNF",1,1,11,"L",1589,2573,1698,1827,340,1,"TTG","G",340,4640.59483722873,4947.52508374066,3692.82161583781,3784.96744347927,0.795764712362412,0.765022385822364,0.780393549092388,0.0217381075659191
"GGGGCACGAGGGACAAGATACCAGACATTTTGGAATTTC","GARGTRYQTFWNF",2,1,11,"W",1530,2518,1703,1908,340,1,"TGG","G",340,4468.28829512898,4841.767648993,3703.69564886442,3952.77388186012,0.828884665499748,0.816390659035907,0.822637662267827,0.00883459669477078
"GGGGCACGAGGGACAAGATACCAGGCCTTTGTGAATTTC","GARGTRYQAFVNF",2,1,9,"A",1421,1877,2214,2146,338,1,"GCC","C",338,4149.95925972437,3609.21281857024,4815.02182418428,4445.83477488041,1.16025761286729,1.23180178015704,1.19602969651216,0.0505893658449271
"GGGGCACGAGGGACAAGATACGTGACATTTGTGAATTTC","GARGTRYVTFVNF",2,1,8,"V",1657,2391,1731,1861,337,1,"GTG","G",337,4839.18542812335,4597.56411784839,3764.59023381346,3855.40471391074,0.777938826632932,0.838575518488913,0.808257172560922,0.0428766160000837
"GGGGCACGAGGGACAAGAGGCCAGACATTTGTGAATTTC","GARGTRGQTFVNF",2,1,7,"G",1726,2631,1775,1503,336,1,"GGC","C",336,5040.69646888407,5059.05110583819,3860.28172444765,3113.74168995585,0.765823085813033,0.615479390267982,0.690651238040507,0.106309046628551
"GGGGCACGAGGGACAAGATACCAGAAGTTTGTGAATTTC","GARGTRYQKFVNF",2,1,9,"K",1501,2315,1777,2038,338,1,"AAG","G",338,4383.59524901216,4451.42657165162,3864.6313376583,4222.09285703927,0.881612265304191,0.948480849695953,0.915046557500072,0.0472832294717595
"GGGGCACGAGGGACAGGGTACCAGACATTTGTGAATTTC","GARGTGYQTFVNF",2,1,6,"G",1710,2414,1617,1839,335,1,"GGG","G",335,4993.96927102651,4641.78995419742,3516.66228080668,3809.82765657273,0.704181802080618,0.820766922709984,0.762474362395301,0.0824381293824759
"GGGGCACGGGGGACAAGATACCAGACATTTGTGAATTTC","GARGTRYQTFVNF",1,0,NA,"",1329,2288,1869,2055,NA,1,"CGG","G",332,3881.27787204341,4399.50928550277,4064.71354534798,4257.31149225501,1.04726166982937,0.967678715052078,1.00747019244073,0.0562736469898881
"GGGGCACGAGGGAGGAGATACCAGACATTTGTGAATTTC","GARGRRYQTFVNF",2,1,5,"R",1305,1976,2029,2227,334,1,"AGG","G",334,3811.18707525707,3799.57620111603,4412.6826021996,4613.64121326127,1.15782366886358,1.21425152939586,1.18603759912972,0.0399005228302273
"GGGAAGCGAGGGACAAGATACCAGACATTTGTGAATTTC","GKRGTRYQTFVNF",3,1,2,"K",899,1725,2513,2344,331,1,"AAG","G",331,2625.48442962154,3316.9377261767,5465.28899917575,4856.0282909225,2.0816307030865,1.46400948459164,1.77282009383907,0.436724151802418
"GGGGCAGTGGGGACAAGATACCAGACATTTGTGAATTTC","GAVGTRYQTFVNF",3,1,3,"V",1452,2278,1746,1938,332,1,"GTG","G",332,4240.49320557339,4380.2806610032,3797.2123328933,4014.92441459377,0.895464784120518,0.916590676560496,0.906027730340507,0.0149382618029255
"GGGGCACGAGGGACATAGTACCAGACATTTGTGAATTTC","GARGT*YQTFVNF",3,1,6,"*",441,884,3173,2871,335,1,"TAG","G",335,1287.91839094894,1699.81040576243,6900.66135868868,5947.80598261028,5.35799582270446,3.49909964219948,4.42854773245197,1.31443809475685
"GGGGCACGAGGGCGGAGATACCAGACATTTGTGAATTTC","GARGRRYQTFVNF",3,1,5,"R",1531,1816,2044,1975,334,1,"CGG","G",334,4471.20874499508,3491.91820912283,4445.30470127944,4091.57673829861,0.994206478562506,1.17172754150116,1.08296701003183,0.125526347407363
"GGGGCACGAGGGACAAGATACCAGACATTTAGGAATTTC","GARGTRYQTFRNF",2,1,11,"R",1571,2345,1537,1876,340,1,"AGG","G",340,4588.02673963897,4509.11244515035,3342.67775238087,3886.47998027756,0.728565446992992,0.861916846730571,0.795241146861782,0.0942936790351602
"GGGGCACGAGGGACAAGATACCAGGAGTTTGTGAATTTC","GARGTRYQEFVNF",3,1,9,"E",1151,1866,2016,2174,338,1,"GAG","G",338,3361.43779587808,3588.0613316207,4384.4101163304,4503.84193876515,1.30432582203566,1.25522992014487,1.27977787109026,0.0347160451554461
"GGGGCACGAGGGACAAGATACCAGACAGACGTGAATTTC","GARGTRYQTDVNF",3,1,10,"D",1578,2460,1416,1691,339,1,"GAC","C",339,4608.46988870166,4730.24162689546,3079.52615313683,3503.21836175339,0.668231805243373,0.740600298689734,0.704416051966553,0.0511722524601761
"GGGGCAGCGGGGACAAGATACCAGACATTTGTGAATTTC","GAAGTRYQTFVNF",3,1,3,"A",1514,2058,1692,1825,332,1,"GCG","G",332,4421.56109727142,3957.25092201254,3679.77277620588,3780.82407463036,0.832233841227862,0.955416815648258,0.89382532843806,0.0871035165393915
"GGGGCACGAGGGACAAGATACCAGTGCTTTGTGAATTTC","GARGTRYQCFVNF",3,1,9,"C",1294,1839,2008,1835,338,1,"TGC","C",338,3779.06212673,3536.14404547185,4367.01166348782,3801.54091887491,1.15558080736465,1.07505261946071,1.11531671341268,0.0569420277435392
"GGGGCACGAGGGACAAGGTACCAGACATTTGTGAATTTC","GARGTRYQTFVNF",1,0,NA,"",1311,1984,1809,1870,NA,1,"AGG","G",335,3828.70977445366,3814.95910071569,3934.22514902862,3874.04987373083,1.02755899004908,1.01548922844391,1.02152410924649,0.0085346102783199
"GGGGCAGAGGGGACAAGATACCAGACATTTGTGAATTTC","GAEGTRYQTFVNF",3,1,3,"E",1467,2234,1434,1582,332,1,"GAG","G",332,4284.29995356485,4295.67471320507,3118.67267203264,3277.4047594878,0.727930515097963,0.762954594632813,0.745442554865388,0.0247657641439095
"GGGGCACGAGGGACAAGATACCAGATCTTTGTGAATTTC","GARGTRYQIFVNF",2,1,9,"I",1306,2070,1587,1648,338,1,"ATC","C",338,3814.10752512317,3980.32527141203,3451.418082647,3414.13593150183,0.904908437927571,0.857752997229457,0.881330717578514,0.0333439318874761
"GGGGCACGAGGGACAAGATACGAGACATTTGTGAATTTC","GARGTRYETFVNF",1,1,8,"E",1349,2429,1275,1557,337,1,"GAG","G",337,3939.68686936536,4670.63289094678,2772.87842178634,3225.61264887642,0.703832186092755,0.690615752552233,0.697223969322494,0.00934542977960447
"GGGGCACGAGGGACAAGATACCAGCGCTTTGTGAATTTC","GARGTRYQRFVNF",3,1,9,"R",1416,2189,1357,1638,338,1,"CGC","C",338,4135.35701039388,4209.14590295698,2951.2125634228,3393.41908725728,0.713653635225488,0.80620134476055,0.759927489993019,0.0654411129955258
"GGGGCATGCGGGACAAGATACCAGACATTTGTGAATTTC","GACGTRYQTFVNF",2,1,3,"C",1296,1914,1594,1750,332,1,"TGC","C",332,3784.9030264622,3680.35872921866,3466.64172888426,3625.44774279624,0.915912958574418,0.985079990712186,0.950496474643302,0.0489084774591639
"GGGGCACGAGGGACAAGATACCAGACATTTCGGAATTTC","GARGTRYQTFRNF",2,1,11,"R",1317,1941,1634,1618,340,1,"CGG","G",340,3846.23247365024,3732.27601536752,3553.63399309716,3351.98539876818,0.923925950249339,0.898107585014209,0.911016767631774,0.018256341136911
"GGGGCAGGCGGGACAAGATACCAGACATTTGTGAATTTC","GAGGTRYQTFVNF",2,1,3,"G",1206,2089,1547,1599,332,1,"GGC","C",332,3522.06253851343,4016.85965796123,3364.4258184341,3312.62339470353,0.955243066142184,0.824679893443145,0.889961479792664,0.0923221047887211
"GGGGCACGCGGGACAAGATACCAGACATTTGTGAATTTC","GARGTRYQTFVNF",1,0,NA,"",1380,2088,1368,1491,NA,1,"CGC","C",332,4030.22081521438,4014.93679551127,2975.13543608135,3088.88147686239,0.738206558025306,0.769347472746218,0.753777015385762,0.0220199519715086
"GGGGCACGAGGGACAAGATGCCAGACATTTGTGAATTTC","GARGTRCQTFVNF",1,1,7,"C",1228,1800,1609,1689,336,1,"TGC","C",336,3586.31243556757,3461.15240992351,3499.2638279641,3499.07499290448,0.975727544889797,1.01095663481107,0.993342089850431,0.0249107283783598
"GGGGCACGAGGGACAAGATACCAGACATTTGGCAATTTC","GARGTRYQTFGNF",2,1,11,"G",1277,2181,1183,1629,340,1,"GGC","C",340,3729.41447900635,4193.76300335732,2572.79621409666,3374.77392743718,0.689865990647988,0.804712599337518,0.747289294992753,0.0812088158006445
"CGCGCACGAGGGACAAGATACCAGACATTTGTGAATTTC","RARGTRYQTFVNF",2,1,1,"R",1346,2374,1489,1033,330,1,"CGC","C",330,3930.92551976706,4564.87545619912,3238.28703532538,2140.05001046201,0.823797606706442,0.468807973184857,0.646302789945649,0.25101557711404
"GGGATGCGAGGGACAAGATACCAGACATTTGTGAATTTC","GMRGTRYQTFVNF",3,1,2,"M",1390,2179,1225,1396,331,1,"ATG","G",331,4059.42531387535,4189.9172784574,2664.13809152021,2892.07145653917,0.656284544123532,0.690245478451054,0.673265011287293,0.0240140069584216
"GGGGCACGAGGGACAAGATACCAGGACTTTGTGAATTTC","GARGTRYQDFVNF",3,1,9,"D",1081,1852,1540,1710,338,1,"GAC","C",338,3157.00630525126,3561.1412573213,3349.20217219684,3542.58036581804,1.06087915207071,0.994787937303778,1.02783354468724,0.0467335461385533
"GGGGCACGAGGGTAGAGATACCAGACATTTGTGAATTTC","GARG*RYQTFVNF",3,1,5,"*",456,569,2692,2460,334,1,"TAG","G",334,1331.7251389404,1094.10873402582,5854.5793815285,5096.34368415928,4.39623703896341,4.65798647398332,4.52711175647337,0.185084800474319
"GGGGCACGAGGGACAAGATACCAGACATTTTGCAATTTC","GARGTRYQTFCNF",3,1,11,"C",922,1287,2050,1886,340,1,"TGC","C",340,2692.65477654178,2474.72397309531,4458.35354091137,3907.19682452211,1.65574643275931,1.57884146555347,1.61729394915639,0.0543800238181772
"GGGGCACGAGGGGACAGATACCAGACATTTGTGAATTTC","GARGDRYQTFVNF",3,1,5,"D",1139,1865,1619,1482,334,1,"GAC","C",334,3326.39239748491,3586.13846917075,3521.01189401732,3070.2363170423,1.05850767837239,0.856139924165353,0.957323801268872,0.14309561129329
"AAGGCACGAGGGACAAGATACCAGACATTTGTGAATTTC","KARGTRYQTFVNF",2,1,1,"K",1563,2021,1052,1430,330,1,"AAG","G",330,4564.66314071019,3886.10501136412,2287.8965487994,2962.50872697064,0.501219143291138,0.762333678144926,0.631776410718032,0.184635858261485
"GGGGCAAGCGGGACAAGATACCAGACATTTGTGAATTTC","GASGTRYQTFVNF",2,1,3,"S",1182,2078,1365,1412,332,1,"AGC","C",332,3451.9717417271,3995.70817101169,2968.61101626538,2925.21840733045,0.859975468623077,0.732090103214369,0.796032785918723,0.0904286090950172
"GGGGCACGAGGGACAGAGTACCAGACATTTGTGAATTTC","GARGTEYQTFVNF",3,1,6,"E",1256,1918,1485,1373,335,1,"GAG","G",335,3668.0850318183,3688.05017901849,3229.58780890409,2844.4227147767,0.880456091090985,0.771253799896425,0.825854945493705,0.0772176806247815
"GGGGCACGAGGGACAAGATACCAGAGCTTTGTGAATTTC","GARGTRYQSFVNF",2,1,9,"S",1192,1506,1535,1780,338,1,"AGC","C",338,3481.17624038807,2895.830849636,3338.32813917022,3687.59827552989,0.958965564696052,1.27341632402093,1.11619094435849,0.222350264267881
"GGGGCACGAGGGACAAGATACCAGTCGTTTGTGAATTTC","GARGTRYQSFVNF",2,1,9,"S",1163,1787,1526,1536,338,1,"TCG","G",338,3396.48319427125,3436.15519807406,3318.75487972232,3182.10727596287,0.977115059871332,0.926066225922046,0.951590642896689,0.0360969766572058
"GGGGCACGAGGGACAAGATACCAGACATTTGCGAATTTC","GARGTRYQTFANF",1,1,11,"A",1087,1525,1468,1814,340,1,"GCG","G",340,3174.52900444784,2932.36523618519,3192.61609661361,3758.03554596135,1.00569756714789,1.28157144259775,1.14363450487282,0.19507228808281
"GGGGCACGAGGGACAAGATACCAGCAGTTTGTGAATTTC","GARGTRYQQFVNF",3,1,9,"Q",1228,1850,1242,1523,338,1,"CAG","G",338,3586.31243556757,3557.29553242138,2701.1098038107,3155.17537844495,0.753171914700515,0.886959025385581,0.820065470043048,0.0946017732007658
"GGGGCACGAGGGACAGTGTACCAGACATTTGTGAATTTC","GARGTVYQTFVNF",3,1,6,"V",1345,2088,982,1391,335,1,"GTG","G",335,3928.00506990097,4014.93679551127,2135.66008642681,2881.71303441689,0.543700949571498,0.717748044661293,0.630724497116396,0.123069881183814
"GGGGTCCGAGGGACAAGATACCAGACATTTGTGAATTTC","GVRGTRYQTFVNF",2,1,2,"V",1162,1899,1212,1511,331,1,"GTC","C",331,3393.56274440515,3651.5157924693,2635.86560565102,3130.31516535149,0.776725171796714,0.857264583603142,0.816994877699928,0.056949964241101
"GGGGCACGAGGGACAAGATACCAGACAGCCGTGAATTTC","GARGTRYQTAVNF",3,1,10,"A",1273,1994,1201,1311,339,1,"GCC","C",339,3717.73267954196,3834.18772521526,2611.94273299247,2715.97828046049,0.702563351949843,0.708358190862449,0.705460771406146,0.00409756989098755
"GGGGCACGAGGGACAAGAGAGCAGACATTTGTGAATTTC","GARGTREQTFVNF",2,1,7,"E",1357,1893,1146,1321,336,1,"GAG","G",336,3963.05046829414,3639.97861776956,2492.32836969972,2736.69512470504,0.62889140313485,0.751843736483812,0.690367569809331,0.0869404286737596
"GGGGCACGAGGGACGAGATACCAGACATTTGTGAATTTC","GARGTRYQTFVNF",1,0,NA,"",1267,1650,1280,1484,NA,1,"ACG","G",334,3700.20998034537,3172.72304242988,2783.75245481296,3074.37968589121,0.75232283292018,0.969003485263764,0.860663159091972,0.153216358624072
"GCCGCACGAGGGACAAGATACCAGACATTTGTGAATTTC","AARGTRYQTFVNF",2,1,1,"A",1139,1666,1546,1300,330,1,"GCC","C",330,3326.39239748491,3203.4888416292,3362.25101182877,2693.18975179149,1.01078003135498,0.840705207645365,0.925742619500174,0.120261061154178
"GGGGCACGAGGGACAAGATACCAGACAATGGTGAATTTC","GARGTRYQTMVNF",2,1,10,"M",1161,1969,1137,1352,339,1,"ATG","G",339,3390.64229453905,3786.11616396633,2472.75511025182,2800.91734186315,0.729288109876535,0.739786425076011,0.734537267476273,0.00742342986858342
"GGGGCACGAGGGACAAGATACCTGACATTTGTGAATTTC","GARGTRYLTFVNF",1,1,8,"L",1263,1744,1185,1414,337,1,"CTG","G",337,3688.52818088098,3353.47211272589,2577.14582730731,2929.36177617936,0.698692188571478,0.873530978552916,0.786111583562197,0.123629694010325
"GGGGCACGAGGGGCCAGATACCAGACATTTGTGAATTTC","GARGARYQTFVNF",2,1,5,"A",1151,1598,1245,1575,334,1,"GCC","C",334,3361.43779587808,3072.73419503209,2707.63422362666,3262.90296851661,0.805498833548807,1.06188910638349,0.933693969966147,0.181295300551671
"GGGGCACGAGGGACAAGATACCAGACAAAGGTGAATTTC","GARGTRYQTKVNF",3,1,10,"K",1241,1945,1133,1240,339,1,"AAG","G",339,3624.27828382684,3739.96746516735,2464.05588383053,2568.88868632419,0.67987491325549,0.686874607934388,0.683374760594939,0.00494953157368428
"GGGGCACGAGGGACAATGTACCAGACATTTGTGAATTTC","GARGTMYQTFVNF",2,1,6,"M",1087,1794,1411,1257,335,1,"ATG","G",335,3174.52900444784,3449.61523522376,3068.65212011022,2604.10732153992,0.966648002210948,0.754897907149058,0.860772954680003,0.149729928135159
"GGGGCACGAGGGACAAGATACCAGAACTTTGTGAATTTC","GARGTRYQNFVNF",2,1,9,"N",998,1510,1450,1538,338,1,"AAC","C",338,2914.60896636518,2903.52229943583,3153.4695777178,3186.25064481178,1.08195288428365,1.09737426346988,1.08966357387677,0.0109045617978324
"TCGGCACGAGGGACAAGATACCAGACATTTGTGAATTTC","SARGTRYQTFVNF",2,1,1,"S",1019,1501,1571,1403,330,1,"TCG","G",330,2975.93841355322,2886.21653738621,3416.62117696184,2906.57324751035,1.14808195001672,1.00705307791721,1.07756751396697,0.0997224718046481
"GGGTGGCGAGGGACAAGATACCAGACATTTGTGAATTTC","GWRGTRYQTFVNF",3,1,2,"W",1096,1691,1411,1295,331,1,"TGG","G",331,3200.81305324272,3251.56040287814,3068.65212011022,2682.83132966921,0.958710199273084,0.825090417294567,0.891900308283825,0.0944834539376779
"GGGGCAGTCGGGACAAGATACCAGACATTTGTGAATTTC","GAVGTRYQTFVNF",3,1,3,"V",969,1470,1644,1406,332,1,"GTC","C",332,2829.91592024835,2826.60780143753,3575.38205915039,2912.78830078372,1.26342342313711,1.03048901913536,1.14695622113624,0.164709496641287
"CAGGCACGAGGGACAAGATACCAGACATTTGTGAATTTC","QARGTRYQTFVNF",2,1,1,"Q",1168,1568,1245,1496,330,1,"CAG","G",330,3411.08544360173,3015.04832153337,2707.63422362666,3099.23989898467,0.793774963539963,1.02792379042485,0.910849376982408,0.16556822329718
"GGGGCAAGGGGGACAAGATACCAGACATTTGTGAATTTC","GARGTRYQTFVNF",2,0,NA,"",1063,1903,1189,1308,NA,1,"AGG","G",332,3104.43820766151,3659.20724226913,2585.8450537286,2709.76322718713,0.832951046455663,0.740532866213602,0.786741956334633,0.0653495219540824
"GGGGCACGAGGGACAAGATACCAGACATCGGTGAATTTC","GARGTRYQTSVNF",2,1,10,"S",1192,1730,1036,1429,339,1,"TCG","G",339,3481.17624038807,3326.55203842648,2253.09964311424,2960.43704254618,0.647223664511472,0.889941599695077,0.768582632103274,0.171627497883924
"GGGGCACGAGGGACAAGATACTTGACATTTGTGAATTTC","GARGTRYLTFVNF",2,1,8,"L",1203,1711,1115,1356,337,1,"TTG","G",337,3513.30118891514,3290.01765187729,2424.90936493472,2809.20407956097,0.69020822142593,0.853856841150391,0.77203253128816,0.115717048738985
"GGGGCACGAGGGACAAGATACCAGACACTGGTGAATTTC","GARGTRYQTLVNF",2,1,10,"L",948,1257,1505,1655,339,1,"CTG","G",339,2768.58647306031,2417.03809959658,3273.08394101055,3428.63772247301,1.18222203744013,1.41852862106115,1.30037532925064,0.167093987717451
"GGGGCACGAGGGGTCAGATACCAGACATTTGTGAATTTC","GARGVRYQTFVNF",3,1,5,"V",742,1245,1717,1661,334,1,"GTC","C",334,2166.97380064425,2393.96375019709,3734.14294133894,3441.06782901974,1.72320631667479,1.43739345624446,1.58029988645962,0.20210021176061
"GGGGCACGAGGGACAAGATACCAGACATTCGTGAATTTC","GARGTRYQTFVNF",1,0,NA,"",1155,1612,1326,1234,NA,1,"TTC","C",339,3373.11959534247,3099.6542693315,2883.7935586578,2556.45857977746,0.854933682944322,0.824756039753044,0.839844861348683,0.0213388161407811
"GGGGCACGAGGGGAGAGATACCAGACATTTGTGAATTTC","GARGERYQTFVNF",3,1,5,"E",723,1205,1573,1781,334,1,"GAG","G",334,2111.4852531884,2317.04925219879,3420.97079017248,3689.66995995434,1.62017271255232,1.59240031538086,1.60628651396659,0.0196380503697496
"GGGGCACGAGGGACAGGCTACCAGACATTTGTGAATTTC","GARGTGYQTFVNF",2,1,6,"G",1094,1603,1221,1286,335,1,"GGC","C",335,3194.97215351053,3082.34850728188,2655.43886509892,2664.18616984912,0.831130519300838,0.864336451103801,0.84773348520232,0.0234801395534933
"GGGGCACGAGGGACAAGATACAAGACATTTGTGAATTTC","GARGTRYKTFVNF",1,1,8,"K",905,1464,1470,1354,337,1,"AAG","G",337,2643.00712881812,2815.07062673779,3196.96570982425,2805.06071071206,1.20959405480448,0.996444168778341,1.10301911179141,0.150719729818221
"AGCGCACGAGGGACAAGATACCAGACATTTGTGAATTTC","SARGTRYQTFVNF",2,1,1,"S",1225,1619,1043,1297,330,1,"AGC","C",330,3577.55108596928,3113.1143064812,2268.32328935149,2686.97469851812,0.634043577532011,0.863114692873341,0.748579135202676,0.16197773903182
"GGGACGCGAGGGACAAGATACCAGACATTTGTGAATTTC","GTRGTRYQTFVNF",2,1,2,"T",1159,1528,1175,1301,331,1,"ACG","G",331,3384.80139480686,2938.13382353507,2555.39776125408,2695.26143621594,0.754962393118458,0.917337874342665,0.836150133730562,0.114816803872065
"GGGGCACGAGGGACAAGAGACCAGACATTTGTGAATTTC","GARGTRDQTFVNF",1,1,7,"D",1196,1651,1027,1287,336,1,"GAC","C",336,3492.85803985246,3174.64590487984,2233.52638366633,2666.25785427357,0.639455242149114,0.839859919550458,0.739657580849786,0.141707506371993
"GGGGCACGAGGGACAAGATACCAGTACTTTGTGAATTTC","GARGTRYQYFVNF",3,1,9,"Y",1004,1494,1420,1214,338,1,"TAC","C",338,2932.13166556176,2872.75650023651,3088.22537955812,2515.02489128836,1.05323557459227,0.875474441039921,0.964355007816094,0.125696102966271
"GGGGCACGAGGGACAAGATACGGCACATTTGTGAATTTC","GARGTRYGTFVNF",3,1,8,"G",979,1609,1303,1239,337,1,"GGC","C",337,2859.12041890933,3093.88568198163,2833.77300673538,2566.81700189973,0.991134541935935,0.829641837398367,0.910388189667151,0.11419258649067
"GGGTGCCGAGGGACAAGATACCAGACATTTGTGAATTTC","GCRGTRYQTFVNF",3,1,2,"C",1057,1708,994,1343,331,1,"TGC","C",331,3086.91550846492,3284.24906452742,2161.75776569069,2782.27218204305,0.700297031053401,0.847156268412732,0.773726649733067,0.103845162616668
"GTCGCACGAGGGACAAGATACCAGACATTTGTGAATTTC","VARGTRYQTFVNF",2,1,1,"V",1072,1431,1247,1297,330,1,"GTC","C",330,3130.72225645638,2751.61616588919,2711.98383683731,2686.97469851812,0.866248620823669,0.976507818142515,0.921378219483092,0.0779650261123412
"TGCGCACGAGGGACAAGATACCAGACATTTGTGAATTTC","CARGTRYQTFVNF",2,1,1,"C",1124,1726,839,1329,330,1,"TGC","C",330,3282.58564949345,3318.86058862665,1824.66274186568,2753.26860010068,0.555861426539549,0.829582480666953,0.692721953603251,0.193550013527018
"GGGGCACGAGGGCGCAGATACCAGACATTTGTGAATTTC","GARGRRYQTFVNF",3,1,5,"R",827,1158,1639,1380,334,1,"CGC","C",334,2415.21203926253,2226.67471705079,3564.50802612378,2858.92450574789,1.47585717865674,1.28394348930072,1.37990033397873,0.135703471146167
"GGGGCACCGGGGACAAGATACCAGACATTTGTGAATTTC","GAPGTRYQTFVNF",2,1,3,"P",1109,1716,950,1211,332,1,"CCG","G",332,3238.77890150199,3299.63196412708,2066.06627505649,2508.80983801499,0.637915195167645,0.760330202062006,0.699122698614825,0.0865604814940007
"GGGGCACGAGGGACACAGTACCAGACATTTGTGAATTTC","GARGTQYQTFVNF",3,1,6,"Q",863,1564,1114,1441,335,1,"CAG","G",335,2520.34823444203,3007.35687173354,2422.7345583294,2985.29725563964,0.961269766305035,0.992664782719592,0.976967274512313,0.0221996290021961
"GGGGACCGAGGGACAAGATACCAGACATTTGTGAATTTC","GDRGTRYQTFVNF",2,1,2,"D",1187,1754,966,1065,331,1,"GAC","C",331,3466.57399105758,3372.70073722546,2100.86318074165,2206.34391204457,0.606034426543632,0.654177196242915,0.630105811393274,0.034042078919465
"GGGGCACGAGGGACAAGATACCAGCCGTTTGTGAATTTC","GARGTRYQPFVNF",2,1,9,"P",798,1280,1412,1451,338,1,"CCG","G",338,2330.5189931457,2461.26393594561,3070.82692671554,3006.01409988419,1.31765797049806,1.22132943809185,1.26949370429496,0.0681145584861734
"GGGCAGCGAGGGACAAGATACCAGACATTTGTGAATTTC","GQRGTRYQTFVNF",3,1,2,"Q",1032,1700,1051,1103,331,1,"CAG","G",331,3013.90426181249,3268.86616492776,2285.72174219408,2285.06792017386,0.758392285765407,0.699039913193985,0.728716099479696,0.0419684651247626
"GGGGCCCGAGGGACAAGATACCAGACATTTGTGAATTTC","GARGTRYQTFVNF",1,0,NA,"",933,1521,1181,1233,NA,1,"GCC","C",331,2724.77972506885,2924.67378638536,2568.44660088602,2554.386895353,0.942625408305663,0.873392071021363,0.908008739663513,0.0489553622779039
"GGGGCACGAGGGACAAGATACCAGACATTTGTCAATTTC","GARGTRYQTFVNF",1,0,NA,"",885,1408,1140,1430,NA,1,"GTC","C",340,2584.59813149618,2707.39032954017,2479.27953006779,2962.50872697064,0.959251459580906,1.09423037182592,1.02674091570341,0.0954445041656339
"GGGGCACGAGGGACATGCTACCAGACATTTGTGAATTTC","GARGTCYQTFVNF",2,1,6,"C",1076,1289,1256,1202,335,1,"TGC","C",335,3142.40405592077,2478.56969799522,2731.55709628521,2490.1646781949,0.869257118968688,1.00467809326042,0.936967606114555,0.0957570892365736
"CTGGCACGAGGGACAAGATACCAGACATTTGTGAATTTC","LARGTRYQTFVNF",2,1,1,"L",1032,1519,998,1267,330,1,"CTG","G",330,3013.90426181249,2920.82806148545,2170.45699211198,2624.82416578447,0.720147955465153,0.8986575418101,0.809402748637627,0.126225339011318
"GGGGCATTGGGGACAAGATACCAGACATTTGTGAATTTC","GALGTRYQTFVNF",3,1,3,"L",794,1317,1316,1365,332,1,"TTG","G",332,2318.83719368131,2532.40984659403,2862.04549260457,2827.84923938106,1.23425892098137,1.1166633407244,1.17546113085289,0.0831526322372698
"GGGGCACGAGGGACAAGATACCAGACACAGGTGAATTTC","GARGTRYQTQVNF",3,1,10,"Q",1114,1541,987,1139,339,1,"CAG","G",339,3253.38115083247,2963.13103538451,2146.53411945343,2359.64855945424,0.659785626072178,0.796336217088028,0.728060921580103,0.0965558488823381
"GGGGCATCGGGGACAAGATACCAGACATTTGTGAATTTC","GASGTRYQTFVNF",3,1,3,"S",779,1212,1279,1498,332,1,"TCG","G",332,2275.03044568985,2330.5092893485,2781.57764820763,3103.38326783358,1.22265513126537,1.33163308209818,1.27714410668177,0.0770590480336971
"GGGGCACGAGGGACACGGTACCAGACATTTGTGAATTTC","GARGTRYQTFVNF",2,0,NA,"",913,1385,1247,1161,NA,1,"CGG","G",335,2666.3707277469,2663.16449319114,2711.98383683731,2405.22561679225,1.01710681437346,0.903145721168044,0.960126267770755,0.080582661796985
"GGGGCACGAGGGACAAGATACCAGACATTTGAGAATTTC","GARGTRYQTFENF",1,1,11,"E",673,1031,1526,1453,340,1,"GAG","G",340,1965.46275988353,1982.47118590619,3318.75487972232,3010.1574687331,1.68853612872267,1.51838649163375,1.60346131017821,0.120313962202005
"ATGGCACGAGGGACAAGATACCAGACATTTGTGAATTTC","MARGTRYQTFVNF",2,1,1,"M",989,1585,995,1109,330,1,"ATG","G",330,2888.3249175703,3047.73698318264,2163.93257229601,2297.49802672059,0.749199842141146,0.753837368315618,0.751518605228382,0.00327922620589933
"GGGGCACGAGGGACATTGTACCAGACATTTGTGAATTTC","GARGTLYQTFVNF",3,1,6,"L",958,1459,1086,1137,335,1,"TTG","G",335,2797.79097172128,2805.456314488,2361.83997338037,2355.50519060533,0.844180282677549,0.839615708304198,0.841897995490873,0.00322764149262691
"GGGGCACGAGGGAGCAGATACCAGACATTTGTGAATTTC","GARGSRYQTFVNF",2,1,5,"S",1027,1388,1032,1188,334,1,"AGC","C",334,2999.302012482,2668.93308054102,2244.40041669295,2461.16109625253,0.74830757534672,0.922151669592866,0.835229622469793,0.122926337910683
"ACGGCACGAGGGACAAGATACCAGACATTTGTGAATTTC","TARGTRYQTFVNF",2,1,1,"T",706,1280,1111,1504,330,1,"ACG","G",330,2061.83760546475,2461.26393594561,2416.21013851343,3115.81337438031,1.17187218436091,1.26594036863553,1.21890627649822,0.0665162509944894
"CCGGCACGAGGGACAAGATACCAGACATTTGTGAATTTC","PARGTRYQTFVNF",2,1,1,"P",1057,1670,925,910,330,1,"CCG","G",330,3086.91550846492,3211.18029142903,2011.69610992342,1885.23282625404,0.651684862901807,0.587084079734147,0.619384471317977,0.0456796518478143
"GGGGCACGAGGGACAAGATACCAGACATTTATGAATTTC","GARGTRYQTFMNF",1,1,11,"M",739,1089,1274,1459,340,1,"ATG","G",340,2158.21245104596,2093.99720800372,2770.70361518102,3022.58757527983,1.28379558455342,1.44345348872808,1.36362453664075,0.112895186711933
"GGGGCACGAGGGACAAGATACGCGACATTTGTGAATTTC","GARGTRYATFVNF",2,1,8,"A",932,1574,1025,990,337,1,"GCG","G",337,2721.85927520275,3026.58549623311,2229.17677045569,2050.96758021044,0.818990456547257,0.677650633944779,0.748320545246018,0.0999423470139156
"GGGGCACGAGGGACAAGATACCAGACCTTTGTGAATTTC","GARGTRYQTFVNF",1,0,NA,"",987,1406,752,1347,NA,1,"ACC","C",338,2882.48401783811,2703.54460464025,1635.45456720261,2790.55891974087,0.567376803160636,1.03218527075576,0.799781036958198,0.32866921938944
"GGGGCACTGGGGACAAGATACCAGACATTTGTGAATTTC","GALGTRYQTFVNF",2,1,3,"L",906,1391,1040,1132,332,1,"CTG","G",332,2645.92757868422,2674.70166789089,2261.79886953553,2345.14676848305,0.854822667013541,0.876788165437641,0.865805416225591,0.0155319528878232
"GACGCACGAGGGACAAGATACCAGACATTTGTGAATTTC","DARGTRYQTFVNF",2,1,1,"D",723,1363,1150,1166,330,1,"GAC","C",330,2111.4852531884,2620.86151929208,2501.02759612101,2415.58403891452,1.1844873613701,0.921675571613945,1.05308146649202,0.185835998712353
"GGGGCACGAGGGACAAGATACATGACATTTGTGAATTTC","GARGTRYMTFVNF",2,1,8,"M",864,1405,924,1194,337,1,"ATG","G",337,2523.26868430813,2701.62174219029,2009.5213033181,2473.59120279926,0.796396085686414,0.915594942167529,0.855995513926971,0.0842863197274784
"GGGGCACGAGGGACATCGTACCAGACATTTGTGAATTTC","GARGTSYQTFVNF",3,1,6,"S",824,1054,1285,1217,335,1,"TCG","G",335,2406.45068966424,2026.69702225521,2794.62648783957,2521.23994456172,1.16130635871433,1.24401423442968,1.20266029657201,0.0584832997758552
"GGGGCACGAGGGACAAGAAGGCAGACATTTGTGAATTTC","GARGTRRQTFVNF",3,1,7,"R",979,1493,811,966,336,1,"AGG","G",336,2859.12041890933,2870.83363778655,1763.76815691665,2001.24715402352,0.616891875295505,0.697096177111296,0.656994026203401,0.0567130056942782
"GGGGCAATGGGGACAAGATACCAGACATTTGTGAATTTC","GAMGTRYQTFVNF",3,1,3,"M",968,1397,880,988,332,1,"ATG","G",332,2826.99547038226,2686.23884259063,1913.82981268391,2046.82421136153,0.676983685589395,0.761966575312996,0.719475130451196,0.0600919776083867
"GGGGCACGAGGGACAGCGTACCAGACATTTGTGAATTTC","GARGTAYQTFVNF",3,1,6,"A",914,1346,1049,918,335,1,"GCG","G",335,2669.291177613,2588.1728576428,2281.37212898343,1901.80630164968,0.854673385997378,0.734806524237244,0.794739955117311,0.0847586707901409
"GGGGCACGAGGGTCGAGATACCAGACATTTGTGAATTTC","GARGSRYQTFVNF",2,1,5,"S",966,1410,980,797,334,1,"TCG","G",334,2821.15457065006,2711.23605444008,2131.31047321617,1651.13248629063,0.755474547686717,0.60899621174137,0.682235379714043,0.103575824643876
"GGGGCACGAGGGACAAGATACCAGCTCTTTGTGAATTTC","GARGTRYQLFVNF",3,1,9,"L",675,1034,1228,1195,338,1,"CTC","C",338,1971.30365961573,1988.23977325606,2670.66251133618,2475.66288722372,1.35476972221356,1.24515308491663,1.29996140356509,0.0775106675635308
"GGGGCACGAGGGTGCAGATACCAGACATTTGTGAATTTC","GARGCRYQTFVNF",3,1,5,"C",798,1103,927,1269,334,1,"TGC","C",334,2330.5189931457,2120.91728230313,2016.04572313407,2628.96753463338,0.865062987713667,1.23954270002391,1.05230284386879,0.264797143991358
"GGGGCACGAGGGACAAGATACCAGACAACGGTGAATTTC","GARGTRYQTTVNF",3,1,10,"T",797,1090,887,1223,339,1,"ACG","G",339,2327.59854327961,2095.92007045368,1929.05345892117,2533.67005110846,0.828774130526441,1.20885814627464,1.01881613840054,0.268759984956168
"GGGGCACGAGGGATGAGATACCAGACATTTGTGAATTTC","GARGMRYQTFVNF",2,1,5,"M",783,1309,835,1054,334,1,"ATG","G",334,2286.71224515424,2517.02694699437,1815.96351544439,2183.55538337556,0.794137311895095,0.867513709371679,0.830825510633387,0.0518849482347316
"GGGGCACGATAGACAAGATACCAGACATTTGTGAATTTC","GAR*TRYQTFVNF",2,1,4,"*",284,344,1663,1655,333,1,"TAG","G",333,829.407761971654,661.464682785382,3616.70338465152,3428.63772247301,4.36058540862212,5.18340254847055,4.77199397854633,0.581819579263348
"GGGGCACGAGGGACAAGATACCAGACATACGTGAATTTC","GARGTRYQTYVNF",2,1,10,"Y",909,1315,688,1001,339,1,"TAC","C",339,2654.68892828251,2528.56412169412,1496.26694446196,2073.75610887945,0.563631741753635,0.820131904541162,0.691881823147398,0.181373004482513
"GGGGCACGAGGGACAAGACGGCAGACATTTGTGAATTTC","GARGTRRQTFVNF",3,1,7,"R",810,1428,739,914,336,1,"CGG","G",336,2365.56439153887,2745.84757853932,1607.18208133342,1893.51956395186,0.679407454340271,0.689593835707057,0.684500645023664,0.00720285934020688
"GGGGCACGAGGGACAGACTACCAGACATTTGTGAATTTC","GARGTDYQTFVNF",3,1,6,"D",844,1098,868,1059,335,1,"GAC","C",335,2464.85968698618,2111.30297005334,1887.73213342004,2193.91380549784,0.765857847157292,1.039127892404,0.902492869780647,0.193231102089103
"TTGGCACGAGGGACAAGATACCAGACATTTGTGAATTTC","LARGTRYQTFVNF",2,1,1,"L",700,1262,941,962,330,1,"TTG","G",330,2044.31490626816,2426.65241184637,2046.49301560859,1992.9604163257,1.00106544707655,0.821279721230992,0.91117258415377,0.127127705905938
"GGGGCACGAGGGACAAGAGTGCAGACATTTGTGAATTTC","GARGTRVQTFVNF",3,1,7,"V",828,1270,786,895,336,1,"GTG","G",336,2418.13248912863,2442.03531144603,1709.39799178358,1854.15755988722,0.706908326763999,0.759267301007738,0.733087813885868,0.0370233857437193
"GGGGCACGAGGGACAAGATACCAGACATTTCTGAATTTC","GARGTRYQTFLNF",1,1,11,"L",807,1214,853,847,340,1,"CTG","G",340,2356.80304194058,2334.35501424841,1855.1100343402,1754.71670751338,0.787129854013048,0.75169230764085,0.769411080826949,0.0250581293483936
"GGGGCACGAGGGACAAGATACCAGTTCTTTGTGAATTTC","GARGTRYQFFVNF",3,1,9,"F",763,1080,813,1062,338,1,"TTC","C",338,2228.3032478323,2076.6914459541,1768.11777012729,2200.1288587712,0.793481664511922,1.05943945743966,0.926460560975791,0.188060558888612
"GGGGCACGAGGGACACGCTACCAGACATTTGTGAATTTC","GARGTRYQTFVNF",2,0,NA,"",601,895,1327,867,NA,1,"CGC","C",335,1755.19036952452,1720.96189271197,2885.96836526312,1796.15039600248,1.64424806298642,1.04368981301034,1.34396893799838,0.424658811055612
"GGGGCACGAGGGACAAGATACCAGACATTTTCGAATTTC","GARGTRYQTFSNF",2,1,11,"S",674,984,864,1167,340,1,"TCG","G",340,1968.38320974963,1892.09665075818,1879.03290699874,2417.65572333898,0.95460726229104,1.27776544732543,1.11618635480823,0.228507344033752
"GGGGCAGACGGGACAAGATACCAGACATTTGTGAATTTC","GADGTRYQTFVNF",3,1,3,"D",846,1213,766,832,332,1,"GAC","C",332,2470.70058671838,2332.43215179845,1665.90185967713,1723.64144114655,0.674262947373079,0.738988887551355,0.706625917462217,0.0457681512187343
"GGGGCAGCCGGGACAAGATACCAGACATTTGTGAATTTC","GAAGTRYQTFVNF",3,1,3,"A",811,1318,774,745,332,1,"GCC","C",332,2368.48484140497,2534.33270904399,1683.30031251971,1543.40489621897,0.710707657103343,0.608998530741915,0.659853093922629,0.0719192129587249
"GGGGCACGAGGGACACTGTACCAGACATTTGTGAATTTC","GARGTLYQTFVNF",3,1,6,"L",912,1036,824,848,335,1,"CTG","G",335,2663.4502778808,1992.08549815597,1792.04064278584,1756.78839193783,0.672826768221741,0.881884032369117,0.777355400295429,0.147825809134917
"GGGGCACGAGGGACAAGATACCAGACACCGGTGAATTTC","GARGTRYQTPVNF",3,1,10,"P",662,1050,839,1010,339,1,"CCG","G",339,1933.33781135646,2019.00557245538,1824.66274186568,2092.40126869954,0.94378888735718,1.03635239904509,0.990070643201136,0.0654522868049628
"GGGGCACGAGGGACAAGCTACCAGACATTTGTGAATTTC","GARGTSYQTFVNF",1,1,6,"S",786,1307,673,784,335,1,"AGC","C",335,2295.47359475254,2513.18122209446,1463.64484538212,1624.20058877271,0.637622165956526,0.646272769545493,0.64194746775101,0.00611690045911562
"GGGGCACGATTGACAAGATACCAGACATTTGTGAATTTC","GARLTRYQTFVNF",2,1,4,"L",507,779,1200,1059,333,1,"TTG","G",333,1480.66808211137,1497.9098485169,2609.76792638715,2193.91380549784,1.7625610749073,1.46465009738074,1.61360558614402,0.210654872398947
"GGGCTGCGAGGGACAAGATACCAGACATTTGTGAATTTC","GLRGTRYQTFVNF",3,1,2,"L",841,1371,644,637,331,1,"CTG","G",331,2456.09833738789,2636.24441889174,1400.57545382777,1319.66297837783,0.570244046220604,0.500584456024229,0.535414251122416,0.0492567686025328
"GGGGCACGAGGGACAAAGTACCAGACATTTGTGAATTTC","GARGTKYQTFVNF",2,1,6,"K",734,1278,685,774,335,1,"AAG","G",335,2143.61020171547,2457.41821104569,1489.742524646,1603.48374452816,0.694968946991293,0.652507471996735,0.673738209494014,0.0300247969078351
"GGGGCACGAGGGTTGAGATACCAGACATTTGTGAATTTC","GARGLRYQTFVNF",3,1,5,"L",623,1018,833,828,334,1,"TTG","G",334,1819.44026657866,1957.47397405674,1811.61390223374,1715.35470344873,0.995698476894965,0.876310350064972,0.936004413479968,0.0844201540746476
"GGGGCACACGGGACAAGATACCAGACATTTGTGAATTTC","GAHGTRYQTFVNF",2,1,3,"H",730,1149,581,823,332,1,"CAC","C",332,2131.92840225108,2209.36895500117,1263.56263769244,1704.99628132646,0.592685306109839,0.771711885181963,0.682198595645901,0.126590908074528
"GGGGCACGAGGGACAAGAGCGCAGACATTTGTGAATTTC","GARGTRAQTFVNF",3,1,7,"A",512,664,1015,1083,336,1,"GCG","G",336,1495.27033144186,1276.78066677178,2207.42870440246,2243.63423168476,1.47627399406359,1.75725893262276,1.61676646334318,0.19868635546647
"GGGGCAAAGGGGACAAGATACCAGACATTTGTGAATTTC","GAKGTRYQTFVNF",3,1,3,"K",680,1147,695,731,332,1,"AAG","G",332,1985.90590894621,2205.52323010126,1511.49059069922,1514.4013142766,0.761108864166313,0.686640382476076,0.723874623321195,0.0526571683878325
"GGGGCACGAGGGCCGAGATACCAGACATTTGTGAATTTC","GARGPRYQTFVNF",2,1,5,"P",621,884,813,877,334,1,"CCG","G",334,1813.59936684647,1699.81040576243,1768.11777012729,1816.86724024703,0.974921916300477,1.06886464166107,1.02189327898078,0.066427538145623
"GGGGCACCCGGGACAAGATACCAGACATTTGTGAATTTC","GAPGTRYQTFVNF",2,1,3,"P",660,1122,554,772,332,1,"CCC","C",332,1927.49691162427,2157.45166885232,1204.84285934873,1599.34037567925,0.625081603027542,0.741309943934939,0.68319577348124,0.0821858480216822
"GGGGCACAGGGGACAAGATACCAGACATTTGTGAATTTC","GAQGTRYQTFVNF",2,1,3,"Q",644,887,756,815,332,1,"CAG","G",332,1880.76971376671,1705.57899311231,1644.1537936239,1688.42280593082,0.874191976608915,0.989941135971555,0.932066556290235,0.0818470155019654
"GGGGCACGAGGGACAAGATACCGCACATTTGTGAATTTC","GARGTRYRTFVNF",2,1,8,"R",757,1018,485,806,337,1,"CGC","C",337,2210.78054863571,1957.47397405674,1054.78120358147,1669.77764611072,0.477108053186186,0.853026741729912,0.665067397458049,0.265814653844023
"GGGGCACGAGGGACAAGATACAGCACATTTGTGAATTTC","GARGTRYSTFVNF",3,1,8,"S",382,889,765,976,337,1,"AGC","C",337,1115.6118488492,1709.42471801222,1663.72705307181,2021.96399826807,1.49131353775779,1.18283301801046,1.33707327788412,0.21812866737729
"GGGGCACGAGGGACAACGTACCAGACATTTGTGAATTTC","GARGTTYQTFVNF",2,1,6,"T",658,955,616,769,335,1,"ACG","G",335,1921.65601189207,1836.33363970942,1339.68086887873,1593.12532240589,0.697149157075037,0.867557663790326,0.782353410432682,0.120497010670254
"GGGGCACGAGGGCTGAGATACCAGACATTTGTGAATTTC","GARGLRYQTFVNF",3,1,5,"L",588,796,770,814,334,1,"CTG","G",334,1717.22452126526,1530.59851016617,1674.60108609842,1686.35112150636,0.975178880432343,1.10175928586477,1.03846908314856,0.0895058630466108
"GGGGCACGAGGGACAAGATACCAGCACTTTGTGAATTTC","GARGTRYQHFVNF",3,1,9,"H",783,972,576,634,338,1,"CAC","C",338,2286.71224515424,1869.02230135869,1252.68860466583,1313.44792510446,0.547812085810269,0.702745988718084,0.625279037264177,0.109554813381814
"GGGGCACGAGGGACAAGATACCAGACATTTAGCAATTTC","GARGTRYQTFSNF",3,1,11,"S",559,692,875,837,340,1,"AGC","C",340,1632.53147514843,1330.62081537059,1902.95577965729,1733.99986326883,1.1656472225041,1.30315101284951,1.23439911767681,0.0972298625920907
"GGGGCACGAGGGACAAGATACCAGACATTTGCCAATTTC","GARGTRYQTFANF",2,1,11,"A",573,719,845,823,340,1,"GCC","C",340,1673.4177732738,1382.53810151945,1837.71158149762,1704.99628132646,1.09817859643166,1.23323637840622,1.16570748741894,0.0955002734862264
"GGGGCACGAGGGACCAGATACCAGACATTTGTGAATTTC","GARGTRYQTFVNF",1,0,NA,"",560,781,738,876,NA,1,"ACC","C",334,1635.45192501453,1501.75557341681,1605.00727472809,1814.79555582257,0.981384564216913,1.20844935617154,1.09491696019423,0.160559054159832
"GGGGCAACGGGGACAAGATACCAGACATTTGTGAATTTC","GATGTRYQTFVNF",3,1,3,"T",623,1033,659,608,332,1,"ACG","G",332,1819.44026657866,1986.3169108061,1433.19755290761,1259.58413006863,0.7877134409049,0.634130497110585,0.710921969007742,0.108599541031553
"GGGGCACGAGGGACAAGATACCAGACATCCGTGAATTTC","GARGTRYQTSVNF",2,1,10,"S",445,601,1097,780,339,1,"TCC","C",339,1299.60019041333,1155.64033242446,2385.76284603892,1615.91385107489,1.83576677168702,1.39828440193396,1.61702558681049,0.309346750301952
"GGGGCACGAGGGAAGAGATACCAGACATTTGTGAATTTC","GARGKRYQTFVNF",2,1,5,"K",503,757,918,741,334,1,"AAG","G",334,1468.98628264698,1455.60687461783,1996.47246368617,1535.11815852115,1.35908176085124,1.05462414700686,1.20685295392905,0.215284043333234
"GGGGCACGAGGGACAAGATACCAGACATTTCGCAATTTC","GARGTRYQTFRNF",3,1,11,"R",605,822,741,684,340,1,"CGC","C",340,1766.87216898891,1580.59293386507,1611.53169454406,1417.03214632721,0.912081656403167,0.896519347876689,0.904300502139928,0.0110042138899897
"GGGGCACGAGGGACAAGATACCAGACATTTCAGAATTTC","GARGTRYQTFQNF",2,1,11,"Q",493,584,950,822,340,1,"CAG","G",340,1439.78178398601,1122.95167077518,2066.06627505649,1702.924596902,1.43498570271992,1.51647184934189,1.4757287760309,0.0576194068491577
"GGGGCACGAGGGACAAGATACCAGACAATCGTGAATTTC","GARGTRYQTIVNF",2,1,10,"I",751,982,536,523,339,1,"ATC","C",339,2193.25784943913,1888.25092585827,1165.69634045293,1083.49095398996,0.531490786982034,0.573806658401335,0.552648722691685,0.0299218396324058
"GGGGCACGAGGGACAGCCTACCAGACATTTGTGAATTTC","GARGTAYQTFVNF",3,1,6,"A",595,758,633,797,335,1,"GCC","C",335,1737.66767032794,1457.52973706779,1376.65258116922,1651.13248629063,0.792241580295624,1.13282936484872,0.962535472572173,0.240831932046799
"GGGGCACGAGGGACAAGATACTGCACATTTGTGAATTTC","GARGTRYCTFVNF",3,1,8,"C",562,893,716,592,337,1,"TGC","C",337,1641.29282474672,1717.11616781205,1557.161529411,1226.43717927735,0.948740837669409,0.714242403785692,0.83149162072755,0.165815432776802
"GGGGCACGAGGGACACCGTACCAGACATTTGTGAATTTC","GARGTPYQTFVNF",3,1,6,"P",778,824,483,674,335,1,"CCG","G",335,2272.10999582376,1584.43865876498,1050.43159037083,1396.31530208266,0.462315465493118,0.881268135158382,0.67179180032575,0.296244273716516
"GGGGCACGAGGGACAGTCTACCAGACATTTGTGAATTTC","GARGTVYQTFVNF",3,1,6,"V",567,862,637,656,335,1,"GTC","C",335,1655.89507407721,1657.50743186337,1385.35180759051,1359.02498244247,0.83661811021603,0.819920898281982,0.828269504249006,0.0118067117854746
"GGGGCACGAGGGACAAGATACCAGTCCTTTGTGAATTTC","GARGTRYQSFVNF",2,1,9,"S",332,713,819,791,338,1,"TCC","C",338,969.589355544328,1371.0009268197,1781.16660975923,1638.7023797439,1.83703193478159,1.19525986283991,1.51614589881075,0.453801384046103
"GGGGCACTCGGGACAAGATACCAGACATTTGTGAATTTC","GALGTRYQTFVNF",2,1,3,"L",479,771,696,651,332,1,"CTC","C",332,1398.89548586064,1482.52694891724,1513.66539730454,1348.6665603202,1.0820432352552,0.909707955936449,0.995875595595825,0.121859444643967
"GGGGCACGAGGGACAAGAGTCCAGACATTTGTGAATTTC","GARGTRVQTFVNF",2,1,7,"V",502,794,657,624,336,1,"GTC","C",336,1466.06583278088,1526.75278526626,1428.84793969696,1292.73108085991,0.974613764094534,0.8467193204658,0.910666542280167,0.0904350283659581
"GGGGCACGAGGGACAAGATACCAGACATTTAAGAATTTC","GARGTRYQTFKNF",2,1,11,"K",547,852,551,533,340,1,"AAG","G",340,1597.48607675526,1638.27880736379,1198.31843953276,1104.20779823451,0.750127626756367,0.674004811190426,0.712066218973396,0.0538269590896893
"GGGTTGCGAGGGACAAGATACCAGACATTTGTGAATTTC","GLRGTRYQTFVNF",3,1,2,"L",473,878,512,601,331,1,"TTG","G",331,1381.37278666406,1688.27323106269,1113.50098192518,1245.08233909745,0.806082900050629,0.737488645906995,0.771785772978812,0.0485034622553969
"GGGGCACGAGGGACAAGATACACGACATTTGTGAATTTC","GARGTRYTTFVNF",2,1,8,"T",561,817,456,557,337,1,"ACG","G",337,1638.37237488063,1570.97862161528,991.711812027115,1153.92822442143,0.605303060056401,0.734528279726022,0.669915669891211,0.0913760291287108
"GGGGCACGAGGGAACAGATACCAGACATTTGTGAATTTC","GARGNRYQTFVNF",2,1,5,"N",547,882,465,481,334,1,"AAC","C",334,1597.48607675526,1695.96468086252,1011.28507147502,996.480208162851,0.633047815683685,0.587559528454372,0.610303672069028,0.0321650763644088
"GGGGCACGAGGGACATACTACCAGACATTTGTGAATTTC","GARGTYYQTFVNF",3,1,6,"Y",401,575,635,741,335,1,"TAC","C",335,1171.10039630505,1105.64590872557,1381.00219437986,1535.11815852115,1.17923467427479,1.38843561614642,1.28383514521061,0.147927404628039
"GGGGCACGAGGGACAAGATTGCAGACATTTGTGAATTTC","GARGTRLQTFVNF",2,1,7,"L",561,734,537,516,336,1,"TTG","G",336,1638.37237488063,1411.38103826881,1167.87114705825,1068.98916301878,0.712823998355893,0.757406493380407,0.73511524586815,0.0315245845540493
"GGGCCGCGAGGGACAAGATACCAGACATTTGTGAATTTC","GPRGTRYQTFVNF",2,1,2,"P",479,735,408,715,331,1,"CCG","G",331,1398.89548586064,1413.30390071877,887.32109497163,1481.25436348532,0.634301206873738,1.04807915886456,0.841190182869147,0.292585195758188
"GGGGCACGAGGGACAAGATACCCGACATTTGTGAATTTC","GARGTRYPTFVNF",1,1,8,"P",411,858,497,554,337,1,"CCG","G",337,1200.30489496602,1649.81598206354,1080.87888284534,1147.71317114807,0.900503603191539,0.695661324429977,0.798082463810758,0.144845364386005
"GGGGCACGAGGGACATTCTACCAGACATTTGTGAATTTC","GARGTFYQTFVNF",3,1,6,"F",561,849,430,469,335,1,"TTC","C",335,1638.37237488063,1632.51022001392,935.166840288727,971.619995069391,0.570790166281255,0.595169318487394,0.582979742384324,0.0172386638445398
"GGGGCACGAGGGACAAGATACCAGACATTTTTCAATTTC","GARGTRYQTFFNF",2,1,11,"F",319,678,543,707,340,1,"TTC","C",340,931.623507285062,1303.70074107119,1180.91998669018,1464.68088808968,1.26759359060359,1.12347937064623,1.19553648062491,0.101904142197262
"GGGGCACGAGGGACAAGAAGCCAGACATTTGTGAATTTC","GARGTRSQTFVNF",2,1,7,"S",512,782,484,460,336,1,"AGC","C",336,1495.27033144186,1503.67843586677,1052.60639697615,952.974835249296,0.703957254312098,0.633762387301891,0.668859820806994,0.0496352664674054
"GGGGCACGAGGGACAAGATACCAGACAAACGTGAATTTC","GARGTRYQTNVNF",3,1,10,"N",570,680,521,465,339,1,"AAC","C",339,1664.6564236755,1307.5464659711,1133.07424137309,963.333257371571,0.680665526686461,0.736748775238448,0.708707150962454,0.0396568453620809
"GGGCACCGAGGGACAAGATACCAGACATTTGTGAATTTC","GHRGTRYQTFVNF",3,1,2,"H",367,584,732,489,331,1,"CAC","C",331,1071.80510085774,1122.95167077518,1591.95843509616,1013.05368355849,1.48530589546752,0.902134713294626,1.19372030438107,0.412364297507031
"GGGGCACGAGGGACAAGATACCAGACATTTCCGAATTTC","GARGTRYQTFPNF",2,1,11,"P",434,789,550,376,340,1,"CCG","G",340,1267.47524188626,1517.13847301647,1196.14363292744,778.953343595077,0.94372149719259,0.51343589095484,0.728578694073715,0.304257870017678
"GGGGCACGAGGGACAAGATACCAGACATTTACGAATTTC","GARGTRYQTFTNF",2,1,11,"T",539,699,424,479,340,1,"ACG","G",340,1574.12247782648,1344.0808525203,922.118000656792,992.336839313941,0.585798127938579,0.738301447753833,0.662049787846206,0.107836131594827
"CACGCACGAGGGACAAGATACCAGACATTTGTGAATTTC","HARGTRYQTFVNF",3,1,1,"H",420,667,413,635,330,1,"CAC","C",330,1226.5889437609,1282.54925412166,898.195127998243,1315.51960952892,0.732270686579196,1.02570689219249,0.878988789385843,0.20749073083481
"TACGCACGAGGGACAAGATACCAGACATTTGTGAATTTC","YARGTRYQTFVNF",3,1,1,"Y",347,732,382,631,330,1,"TAC","C",330,1013.39610353579,1407.53531336889,830.776123233241,1307.2328718311,0.819794076901049,0.928738951992812,0.87426651444693,0.0770356599529069
"GGGGCACGAGGGACAAGATACGTCACATTTGTGAATTTC","GARGTRYVTFVNF",3,1,8,"V",306,620,562,585,337,1,"GTC","C",337,893.657659025796,1192.17471897365,1222.24131219131,1211.93538830617,1.36768403408943,1.01657531318021,1.19212967363482,0.248271357488641
"GGGGCACGAGGGTCCAGATACCAGACATTTGTGAATTTC","GARGSRYQTFVNF",2,1,5,"S",487,573,469,544,334,1,"TCC","C",334,1422.25908478942,1101.80018382565,1019.98429789631,1126.99632690352,0.717157871448807,1.02286816016892,0.870013015808861,0.216169818232486
"GGGGCACGAGGGCAGAGATACCAGACATTTGTGAATTTC","GARGQRYQTFVNF",3,1,5,"Q",365,566,571,545,334,1,"CAG","G",334,1065.96420112554,1088.34014667595,1241.81457163922,1129.06801132797,1.16496836416082,1.03742199970884,1.10119518193483,0.0901888992196878
"GGGGCACGAGGGACAAGACGCCAGACATTTGTGAATTTC","GARGTRRQTFVNF",2,1,7,"R",448,616,441,472,336,1,"CGC","C",336,1308.36154001162,1184.48326917382,959.089712947276,977.835048342756,0.733046397052267,0.825537239563372,0.779291818307819,0.0654009019372591
"GGGGCACGAGGGACAAGATACTCGACATTTGTGAATTTC","GARGTRYSTFVNF",2,1,8,"S",435,616,450,463,337,1,"TCG","G",337,1270.39569175236,1184.48326917382,978.66297239518,959.189888522661,0.770360745670691,0.809796063385257,0.790078404527974,0.0278849805742151
"GGGCTCCGAGGGACAAGATACCAGACATTTGTGAATTTC","GLRGTRYQTFVNF",3,1,2,"L",277,351,620,706,331,1,"CTC","C",331,808.964612908972,674.924719935084,1348.38009530003,1462.60920366522,1.66679737751613,2.16707013458612,1.91693375605113,0.353746258967083
"CTCGCACGAGGGACAAGATACCAGACATTTGTGAATTTC","LARGTRYQTFVNF",3,1,1,"L",544,649,280,480,330,1,"CTC","C",330,1588.72472715697,1247.93773002242,608.945849490334,994.408523738396,0.383292233752819,0.796841460767862,0.590066847260341,0.292423462776792
"GGGGCATACGGGACAAGATACCAGACATTTGTGAATTTC","GAYGTRYQTFVNF",3,1,3,"Y",414,670,337,488,332,1,"TAC","C",332,1209.06624456431,1288.31784147153,732.909825993723,1010.98199913404,0.606178387072437,0.784730263441267,0.695454325256852,0.126255242573982
"GGGGCACGAGGGACACTCTACCAGACATTTGTGAATTTC","GARGTLYQTFVNF",3,1,6,"L",410,601,501,393,335,1,"CTC","C",335,1197.38444509992,1155.64033242446,1089.57810926663,814.171978810812,0.909965144215404,0.704520217897493,0.807242681056449,0.145271500559766
"GGGGCACGATGCACAAGATACCAGACATTTGTGAATTTC","GARCTRYQTFVNF",2,1,4,"C",509,659,294,431,333,1,"TGC","C",333,1486.50898184356,1267.166354522,639.393141964851,892.895986940101,0.4301306953234,0.704639910737626,0.567385303030513,0.194107327717598
"GGGGCATTCGGGACAAGATACCAGACATTTGTGAATTTC","GAFGTRYQTFVNF",3,1,3,"F",363,626,519,364,332,1,"TTC","C",332,1060.12330139335,1203.7118936734,1128.72462816244,754.093130501617,1.06471070551787,0.626473107447939,0.845591906482903,0.309880777366151
"GGGGCACGAGGGACAAGATACCAGACACTCGTGAATTTC","GARGTRYQTLVNF",2,1,10,"L",456,674,370,361,339,1,"CTC","C",339,1331.7251389404,1296.00929127136,804.67844396937,747.878077228252,0.604237631655447,0.577062280544763,0.590649956100105,0.0192158750514901
"GGGGCACGAGGGACAAGATACCAGACATTTTACAATTTC","GARGTRYQTFYNF",3,1,11,"Y",303,482,457,564,340,1,"TAC","C",340,884.896309427504,926.819700879517,993.886618632438,1168.43001539262,1.12316732259336,1.26068750403538,1.19192741331437,0.097241452847654
"AACGCACGAGGGACAAGATACCAGACATTTGTGAATTTC","NARGTRYQTFVNF",3,1,1,"N",328,542,474,416,330,1,"AAC","C",330,957.907556079938,1042.19144787697,1030.85833092292,861.820720573277,1.076156383129,0.826931292066231,0.951543837597614,0.176228751932316
"GGGGCACGAGGGATCAGATACCAGACATTTGTGAATTTC","GARGIRYQTFVNF",2,1,5,"I",409,484,479,374,334,1,"ATC","C",334,1194.46399523383,930.665425779432,1041.73236394954,774.809974746167,0.872133750457341,0.832533317864756,0.852333534161049,0.0280017344241373
"GGGGCACGAGGGACAAGATACCAGACATTTGACAATTTC","GARGTRYQTFDNF",2,1,11,"D",278,398,573,488,340,1,"GAC","C",340,811.88506277507,765.299255083087,1246.16418484986,1010.98199913404,1.53490221952157,1.32102833292876,1.42796527622517,0.151231675528494
"GGGGCACGAGGGACACACTACCAGACATTTGTGAATTTC","GARGTHYQTFVNF",3,1,6,"H",378,540,313,506,335,1,"CAC","C",335,1103.93004938481,1038.34572297705,680.714467465981,1048.27231877423,0.61662826176833,1.0095600102909,0.813094136029615,0.277844703923797
"GGGGCATCCGGGACAAGATACCAGACATTTGTGAATTTC","GASGTRYQTFVNF",3,1,3,"S",328,588,348,467,332,1,"TCC","C",332,957.907556079938,1130.64312057501,756.832698652272,967.476626220481,0.790089496474453,0.855687005576481,0.822888251025467,0.0463844435149906
"GGGGCACGAGCCACAAGATACCAGACATTTGTGAATTTC","GARATRYQTFVNF",2,1,4,"A",209,348,732,421,333,1,"GCC","C",333,610.374022014351,669.156132585212,1591.95843509616,872.179142695551,2.60816872553388,1.30340155342518,1.95578513947953,0.922609715267657
"GGGGCACGAGGGTTCAGATACCAGACATTTGTGAATTTC","GARGFRYQTFVNF",3,1,5,"F",322,540,429,410,334,1,"TTC","C",334,940.384856883354,1038.34572297705,932.992033683405,849.390614026547,0.992138513135514,0.818022933239663,0.905080723187589,0.123118307254585
"GGGGCACGAGGGCACAGATACCAGACATTTGTGAATTTC","GARGHRYQTFVNF",3,1,5,"H",315,439,416,518,334,1,"CAC","C",334,919.941707820673,844.136615531345,904.719547814211,1073.13253186769,0.983453125478436,1.2712782648247,1.12736569515157,0.203523107827709
"GGGGCAAACGGGACAAGATACCAGACATTTGTGAATTTC","GANGTRYQTFVNF",3,1,3,"N",295,524,386,452,332,1,"AAC","C",332,861.532710498725,1007.57992377773,839.475349654532,936.401359853656,0.974397535258499,0.929356905348803,0.951877220303651,0.0318485348380598
"GGGATCCGAGGGACAAGATACCAGACATTTGTGAATTTC","GIRGTRYQTFVNF",3,1,2,"I",252,446,425,507,331,1,"ATC","C",331,735.953366256538,857.596652681047,924.292807262114,1050.34400319868,1.2559121944962,1.2247529184204,1.2403325564583,0.0220329354100599
"GGGGCACGAGTCACAAGATACCAGACATTTGTGAATTTC","GARVTRYQTFVNF",2,1,4,"V",440,674,182,278,333,1,"GTC","C",333,1284.99794108284,1296.00929127136,395.814802168717,575.928269998488,0.308027576943175,0.44438591133364,0.376206744138408,0.0964199029188009
"GGGGCACGAGGGACAAGATACCAGACACACGTGAATTTC","GARGTRYQTHVNF",3,1,10,"H",268,580,205,473,339,1,"CAC","C",339,782.680564114096,1115.26022097535,445.835354091137,979.906732767211,0.569626198135853,0.878635061430087,0.72413062978297,0.218502262682099
"GGGGCACGAGGGACACCCTACCAGACATTTGTGAATTTC","GARGTPYQTFVNF",3,1,6,"P",177,273,557,518,335,1,"CCC","C",335,516.919626299235,524.941448838399,1211.3672791647,1073.13253186769,2.34343448678318,2.04428995698918,2.19386222188618,0.2115271255722
"GGGGCACGAGGGACATCCTACCAGACATTTGTGAATTTC","GARGTSYQTFVNF",3,1,6,"S",357,482,306,379,335,1,"TCC","C",335,1042.60060219676,926.819700879517,665.490821228722,785.168396868442,0.638298903555716,0.847164120619519,0.742731512087617,0.147690011339816
"GGGGCACGAGGGACAAGATACCAGACAACCGTGAATTTC","GARGTRYQTTVNF",3,1,10,"T",163,392,616,331,339,1,"ACC","C",339,476.033328173872,753.762080383342,1339.68086887873,685.727544494602,2.81425856046242,0.909740039119321,1.86199929979087,1.34669796133708
"GGGGCACGAGGGACAAGATACGACACATTTGTGAATTTC","GARGTRYDTFVNF",2,1,8,"D",361,476,355,301,337,1,"GAC","C",337,1054.28240166115,915.282526179772,772.056344889531,623.577011760952,0.732305067098778,0.681294566349532,0.706799816724155,0.0360698709915131
"GGGGCACGAGGGACAAGATACCAGCCCTTTGTGAATTTC","GARGTRYQPFVNF",2,1,9,"P",214,464,416,393,338,1,"CCC","C",338,624.976271344838,892.208176780282,904.719547814211,814.171978810812,1.44760623610144,0.912535885681882,1.18007106089166,0.378351873193529
"GGGGCACGAGGGACAAGATTCCAGACATTTGTGAATTTC","GARGTRFQTFVNF",1,1,7,"F",337,543,186,399,336,1,"TTC","C",336,984.191604874815,1044.11431032693,404.514028590008,826.602085357542,0.411011460153087,0.791677766679323,0.601344613416205,0.269171726713938
"GGGGCAATCGGGACAAGATACCAGACATTTGTGAATTTC","GAIGTRYQTFVNF",3,1,3,"I",380,504,255,302,332,1,"ATC","C",332,1109.770949117,969.122674778582,554.575684357269,625.648696185408,0.499720852125856,0.645582558811093,0.572651705468474,0.103139801912574
"GGGTCGCGAGGGACAAGATACCAGACATTTGTGAATTTC","GSRGTRYQTFVNF",2,1,2,"S",311,569,294,267,331,1,"TCG","G",331,908.259908356283,1094.10873402582,639.393141964851,553.139741329483,0.703975961156304,0.505561946566482,0.604768953861393,0.14029989519891
"GGGGCACGAGGGTACAGATACCAGACATTTGTGAATTTC","GARGYRYQTFVNF",3,1,5,"Y",304,521,348,265,334,1,"TAC","C",334,887.816759293602,1001.81133642786,756.832698652272,548.996372480573,0.852464983038225,0.548003753319581,0.700234368178903,0.215286600142449
"GGGGCACGACGCACAAGATACCAGACATTTGTGAATTTC","GARRTRYQTFVNF",2,1,4,"R",365,591,258,210,333,1,"CGC","C",333,1065.96420112554,1136.41170792489,561.100104173236,435.053729135548,0.526377999918549,0.382831086745812,0.454604543332181,0.101502995722839
"GGGGCACGAGGGACAAGATCGCAGACATTTGTGAATTTC","GARGTRSQTFVNF",2,1,7,"S",239,512,303,363,336,1,"TCG","G",336,697.987517997272,984.505574378242,658.966401412754,752.021446077162,0.944094821786383,0.763856971101556,0.853975896443969,0.127447406445729
"ATCGCACGAGGGACAAGATACCAGACATTTGTGAATTTC","IARGTRYQTFVNF",3,1,1,"I",302,411,222,388,330,1,"ATC","C",330,881.975859561407,790.296466932534,482.807066381622,803.813556688537,0.547415284837518,1.01710382156771,0.782259553202612,0.332119949367503
"GGGGCACGAGGGACAAGAAAGCAGACATTTGTGAATTTC","GARGTRKQTFVNF",2,1,7,"K",339,417,291,263,336,1,"AAG","G",336,990.03250460701,801.833641632279,632.868722148883,544.853003631663,0.63924034736627,0.679508785042387,0.659374566204328,0.0284740853485703
"GGGAACCGAGGGACAAGATACCAGACATTTGTGAATTTC","GNRGTRYQTFVNF",3,1,2,"N",274,453,273,304,331,1,"AAC","C",331,800.20326331068,871.05668983075,593.722203253076,629.792065034317,0.741964236432465,0.723020754431826,0.732492495432145,0.0133950645819373
"GGGGCACGAGGGACAAGAAACCAGACATTTGTGAATTTC","GARGTRNQTFVNF",1,1,7,"N",243,347,417,293,336,1,"AAC","C",336,709.669317461662,667.233270135254,906.894354419533,607.003536365313,1.27791117934097,0.909732118487238,1.0938216489141,0.260341910620568
"GGGGCACGAGGGACAAACTACCAGACATTTGTGAATTTC","GARGTNYQTFVNF",2,1,6,"N",262,445,281,283,335,1,"AAC","C",335,765.157864917512,855.67379023109,611.120656095657,586.286692120763,0.798685714563672,0.685175470856044,0.741930592709858,0.0802638630598014
"GGGGCAACCGGGACAAGATACCAGACATTTGTGAATTTC","GATGTRYQTFVNF",3,1,3,"T",266,419,257,316,332,1,"ACC","C",332,776.839664381901,805.679366532194,558.925297567914,654.652278127777,0.719486044797451,0.812546908015694,0.766016476406572,0.0658039674446928
"GGGGCACGAGGGACAAGATACCACACATTTGTGAATTTC","GARGTRYHTFVNF",1,1,8,"H",335,389,194,318,337,1,"CAC","C",337,978.35070514262,747.993493033469,421.912481432589,658.795646976687,0.431248711954558,0.880750505335224,0.655999608644891,0.317845766254983
"GGGGCACGAGGGACAAGAATGCAGACATTTGTGAATTTC","GARGTRMQTFVNF",3,1,7,"M",220,437,216,355,336,1,"ATG","G",336,642.498970541422,840.29089063143,469.758226749686,735.447970681522,0.731142380436547,0.875230207635449,0.803186294035998,0.101885479698779
"GGGGCACGAGGGACAAGAGCCCAGACATTTGTGAATTTC","GARGTRAQTFVNF",2,1,7,"A",257,466,216,281,336,1,"GCC","C",336,750.555615587025,896.053901680197,469.758226749686,582.143323271853,0.625880636949573,0.649674447240586,0.63777754209508,0.0168247646070414
"TTCGCACGAGGGACAAGATACCAGACATTTGTGAATTTC","FARGTRYQTFVNF",3,1,1,"F",272,421,202,318,330,1,"TTC","C",330,794.362363578486,809.525091432109,439.31093427517,658.795646976687,0.553035937271925,0.813805098753924,0.683420518012925,0.184391642408251
"CCCGCACGAGGGACAAGATACCAGACATTTGTGAATTTC","PARGTRYQTFVNF",3,1,1,"P",303,411,224,271,330,1,"CCC","C",330,884.896309427504,790.296466932534,487.156679592267,561.426479027303,0.550524026829132,0.710399834136207,0.63046193048267,0.113049267494506
"TCCGCACGAGGGACAAGATACCAGACATTTGTGAATTTC","SARGTRYQTFVNF",3,1,1,"S",295,406,241,265,330,1,"TCC","C",330,861.532710498725,780.682154682747,524.128391882752,548.996372480573,0.608367373049996,0.703226491328822,0.655796932189409,0.0670755257923349
"GGGACCCGAGGGACAAGATACCAGACATTTGTGAATTTC","GTRGTRYQTFVNF",2,1,2,"T",262,321,312,307,331,1,"ACC","C",331,765.157864917512,617.238846436359,678.539660860658,636.007118307682,0.88679694997817,1.03040682222074,0.958601886099454,0.101547514508053
"GGGGCACGAACGACAAGATACCAGACATTTGTGAATTTC","GARTTRYQTFVNF",2,1,4,"T",298,372,234,289,333,1,"ACG","G",333,870.294060097017,715.304831384192,508.904745645493,598.716798667493,0.584750337821176,0.837009303444675,0.710879820632925,0.17837402520748
"GGGGCACGAGGGACAAGATACCAGACATTTATCAATTTC","GARGTRYQTFINF",2,1,11,"I",273,432,226,249,340,1,"ATC","C",340,797.282813444583,830.676578381642,491.506292802912,515.849421689293,0.616476718818768,0.620999117002061,0.618737917910414,0.00319781842263223
"GGGGCACGAAAGACAAGATACCAGACATTTGTGAATTTC","GARKTRYQTFVNF",2,1,4,"K",244,463,177,290,333,1,"AAG","G",333,712.589767327759,890.285314330325,384.940769142104,600.788483091948,0.540199686820718,0.67482690483765,0.607513295829184,0.0951958187920523
"GGGGCACGACAGACAAGATACCAGACATTTGTGAATTTC","GARQTRYQTFVNF",2,1,4,"Q",218,375,298,270,333,1,"CAG","G",333,636.658070809227,721.073418734064,648.092368386141,559.354794602848,1.01795987218442,0.775725162057514,0.896842517120968,0.171285806169494
"ACCGCACGAGGGACAAGATACCAGACATTTGTGAATTTC","TARGTRYQTFVNF",3,1,1,"T",285,214,352,308,330,1,"ACC","C",330,832.328211837751,411.492564290906,765.531925073563,638.078802732137,0.9197476598604,1.55064479435173,1.23519622710606,0.44611164202998
"GGGGCACGAATGACAAGATACCAGACATTTGTGAATTTC","GARMTRYQTFVNF",2,1,4,"M",266,400,237,245,333,1,"ATG","G",333,776.839664381901,769.144979983002,515.429165461461,507.562683991473,0.663494912906599,0.659905085778094,0.661699999342346,0.00253839110585369
"GGGGCACGAGGGACAATCTACCAGACATTTGTGAATTTC","GARGTIYQTFVNF",2,1,6,"I",273,454,156,225,335,1,"ATC","C",335,797.282813444583,872.979552280707,339.269830430329,466.128995502373,0.425532602370477,0.533951791063818,0.479742196717147,0.0766639435358049
"GGGGCACGAGGGACAAGATACCAGACACCCGTGAATTTC","GARGTRYQTPVNF",3,1,10,"P",285,305,245,257,339,1,"CCC","C",339,832.328211837751,586.473047237039,532.827618304042,532.422897084933,0.640165274618744,0.907838645941626,0.774001960280185,0.189273656005475
"GGGGCACGAGACACAAGATACCAGACATTTGTGAATTTC","GARDTRYQTFVNF",2,1,4,"D",300,320,162,296,333,1,"GAC","C",333,876.134959829212,615.315983986402,352.318670062265,613.218589638677,0.402128309240101,0.996591354032223,0.699359831636162,0.420348850137312
"GGGGCACGACCGACAAGATACCAGACATTTGTGAATTTC","GARPTRYQTFVNF",2,1,4,"P",167,236,189,402,333,1,"CCG","G",333,487.715127638261,453.795538189971,411.038448405975,832.817138630907,0.84278388164093,1.83522548933098,1.33900468548596,0.701762190729316
"GGGGCACGAGGGACAAGATACCAGACATTTAACAATTTC","GARGTRYQTFNNF",3,1,11,"N",160,192,237,402,340,1,"AAC","C",340,467.27197857558,369.189590391841,515.429165461461,832.817138630907,1.10306029270722,2.25579799730267,1.67942914500494,0.815108647848855
"GGGGCACGAGGGACAACCTACCAGACATTTGTGAATTTC","GARGTTYQTFVNF",2,1,6,"T",266,351,183,190,335,1,"ACC","C",335,776.839664381901,674.924719935084,397.98960877404,393.620040646448,0.512318856801298,0.583205843585501,0.547762350193399,0.0501246690529907
"GGGTACCGAGGGACAAGATACCAGACATTTGTGAATTTC","GYRGTRYQTFVNF",3,1,2,"Y",178,329,186,263,331,1,"TAC","C",331,519.840076165332,632.621746036019,404.514028590008,544.853003631663,0.778150910514552,0.861261894719378,0.819706402616965,0.0587683405223202
"GGGGCACGAGGGACAAGACAGCAGACATTTGTGAATTTC","GARGTRQQTFVNF",2,1,7,"Q",209,364,203,165,336,1,"CAG","G",336,610.374022014351,699.921931784532,441.485740880492,341.827930035074,0.723303621971828,0.488380081423572,0.6058418516977,0.166116028582024
"GGGGCACGAGGGACAAGATACGCCACATTTGTGAATTTC","GARGTRYATFVNF",3,1,8,"A",212,284,186,240,337,1,"GCC","C",337,619.135371612643,546.092935787931,404.514028590008,497.204261869198,0.653353122979199,0.910475542321026,0.781914332650113,0.181813006311697
"GGGGCACGAGGGACAAGATACCTCACATTTGTGAATTTC","GARGTRYLTFVNF",2,1,8,"L",202,340,183,194,337,1,"CTC","C",337,589.930872951669,653.773232985552,397.98960877404,401.906778344268,0.674637702520521,0.614749515682834,0.644693609101678,0.0423473430258955
"GGGGCACGAAGCACAAGATACCAGACATTTGTGAATTTC","GARSTRYQTFVNF",2,1,4,"S",283,369,129,134,333,1,"AGC","C",333,826.487312105557,709.536244034319,280.550052086618,277.605712876969,0.339448710194824,0.391249517147346,0.365349113671085,0.0366287018670636
"GGGGCACGAGGGCTCAGATACCAGACATTTGTGAATTTC","GARGLRYQTFVNF",3,1,5,"L",255,297,158,181,334,1,"CTC","C",334,744.71471585483,571.090147637379,343.619443640974,374.974880826354,0.46141084139387,0.656594904285494,0.559002872839682,0.138015974450209
"GGGGCACGAGGGACAAGAATCCAGACATTTGTGAATTTC","GARGTRIQTFVNF",2,1,7,"I",176,276,230,170,336,1,"ATC","C",336,513.999176433138,530.710036188271,500.205519224203,352.186352157349,0.973164048034756,0.663613514240023,0.81838878113739,0.218885281566171
"GGGGCACGAGGGACAAGATACCAGACATTTCTCAATTTC","GARGTRYQTFLNF",2,1,11,"L",180,337,123,205,340,1,"CTC","C",340,525.680975897527,648.004645635679,267.501212454682,424.695307013273,0.508866070334695,0.655389293693498,0.582127682014097,0.103607564838321
"GGGGCACGAGGGACAAGATACTTCACATTTGTGAATTTC","GARGTRYFTFVNF",3,1,8,"F",116,194,280,217,337,1,"TTC","C",337,338.772184467295,373.035315291756,608.945849490334,449.555520106733,1.79750840656495,1.20512858080241,1.50131849368368,0.418875791834795
"GGGGCACGAGGGACAAGATACAACACATTTGTGAATTTC","GARGTRYNTFVNF",2,1,8,"N",187,226,173,198,337,1,"AAC","C",337,546.124124960209,434.566913690396,376.241542720814,410.193516042088,0.688930456511561,0.943913360910692,0.816421908711126,0.180300140787267
"GGGGCACGATCGACAAGATACCAGACATTTGTGAATTTC","GARSTRYQTFVNF",2,1,4,"S",221,258,90,165,333,1,"TCG","G",333,645.41942040752,496.098512089036,195.732594479036,341.827930035074,0.303264184947286,0.689032362938683,0.496148273942985,0.272779294623696
"GGGGCACGACTGACAAGATACCAGACATTTGTGAATTTC","GARLTRYQTFVNF",2,1,4,"L",161,249,135,185,333,1,"CTG","G",333,470.192428441677,478.792750039419,293.598891718554,383.261618524173,0.624422840434939,0.800474983158412,0.712448911796676,0.12448766396219
"GGGCCCCGAGGGACAAGATACCAGACATTTGTGAATTTC","GPRGTRYQTFVNF",2,1,2,"P",129,284,174,131,331,1,"CCC","C",331,376.738032726561,546.092935787931,378.416349326136,271.390659603604,1.00445486373496,0.49696790018356,0.750711381959262,0.358847473290968
"GGGGCACGAGGGACAAGACACCAGACATTTGTGAATTTC","GARGTRHQTFVNF",1,1,7,"H",128,252,147,138,336,1,"CAC","C",336,373.817582860464,484.561337389291,319.696570982425,285.892450574789,0.855220796560978,0.59000260341676,0.722611699988869,0.18753758286632
"GGGGCACGAGGGACAAGATACCAGACATTTCACAATTTC","GARGTRYQTFHNF",3,1,11,"H",171,226,115,127,340,1,"CAC","C",340,499.396927102651,434.566913690396,250.102759612101,263.103921905784,0.50080956857929,0.605439377957868,0.553124473268579,0.0739844477258487
"GGGGCACGAGGGACAAGATACCAGACATTTTCCAATTTC","GARGTRYQTFSNF",3,1,11,"S",96,237,153,146,340,1,"TCC","C",340,280.363187145348,455.718400639929,332.745410614361,302.465925970429,1.18683702379891,0.66371233978198,0.925274681790444,0.36990501147444
"GGGGCACGAGGGACAAGAACGCAGACATTTGTGAATTTC","GARGTRTQTFVNF",3,1,7,"T",143,296,85,103,336,1,"ACG","G",336,417.624330851924,569.167285187421,184.858561452423,213.383495718864,0.44264317903922,0.374904709515409,0.408773944277315,0.0478983311474851
"GGGGCACGAGGGACAAGATACATCACATTTGTGAATTTC","GARGTRYITFVNF",3,1,8,"I",145,137,182,157,337,1,"ATC","C",337,423.465230584119,263.432155644178,395.814802168717,325.254454639434,0.934704371413772,1.23468015453193,1.08469226297285,0.212114910434596
"GGGTTCCGAGGGACAAGATACCAGACATTTGTGAATTTC","GFRGTRYQTFVNF",3,1,2,"F",138,238,89,145,331,1,"TTC","C",331,403.022081521438,457.641263089886,193.557787873713,300.394241545974,0.480265962457984,0.656396758276958,0.568331360367471,0.12454328009938
"GGGGCACGAGGGACAAGATACTACACATTTGTGAATTTC","GARGTRYYTFVNF",2,1,8,"Y",119,144,192,142,337,1,"TAC","C",337,347.533534065587,276.892192793881,417.562868221943,294.179188272609,1.20150381845782,1.06243222426859,1.1319680213632,0.0983384673216291
"GGGTCCCGAGGGACAAGATACCAGACATTTGTGAATTTC","GSRGTRYQTFVNF",2,1,2,"S",72,223,125,144,331,1,"TCC","C",331,210.272390359011,428.798326340524,271.850825665328,298.322557121519,1.29285078845197,0.6957176341323,0.994284211292135,0.422236902690752
"GGGGCACGAGGGCCCAGATACCAGACATTTGTGAATTTC","GARGPRYQTFVNF",2,1,5,"P",103,246,120,86,334,1,"CCC","C",334,300.806336208029,473.024162689546,260.976792638715,178.164860503129,0.867590742697089,0.376650654567221,0.622120698632155,0.347147065472951
"GGGGCACGAGGGACAAGATACCAGACATTTCCCAATTTC","GARGTRYQTFPNF",3,1,11,"P",71,106,144,171,340,1,"CCC","C",340,207.351940492914,203.823419695495,313.172151166458,354.258036581804,1.51034106756845,1.7380634527232,1.62420226014583,0.161024042770899
"GGGGCACGAGGGACAAGATCCCAGACATTTGTGAATTTC","GARGTRSQTFVNF",1,1,7,"S",130,212,42,101,336,1,"TCC","C",336,379.658482592659,407.646839390991,91.3418774235501,209.240126869954,0.240589586724847,0.513287744810069,0.376938665767458,0.192826716799142
"GGGGCACGAGGGACAAGAACCCAGACATTTGTGAATTTC","GARGTRTQTFVNF",2,1,7,"T",63,81,62,202,336,1,"ACC","C",336,183.988341564135,155.751858446558,134.838009530003,418.480253739908,0.732861704082488,2.68683955307987,1.70985062858118,1.38167098731435
"GGGGCACGAAACACAAGATACCAGACATTTGTGAATTTC","GARNTRYQTFVNF",3,1,4,"N",6,37,192,163,333,1,"AAC","C",333,17.5226991965842,71.1459106484277,417.562868221943,337.684561186164,23.8298257327467,4.74636641949605,14.2880960761214,13.4940434888971
"GGGGCACGAGGGACAAGACTGCAGACATTTGTGAATTTC","GARGTRLQTFVNF",3,1,7,"L",88,157,123,28,336,1,"CTG","G",336,256.999588216569,301.889404643328,267.501212454682,58.0071638847398,1.0408624165937,0.192147067742484,0.61650474216809,0.600132378469798
"GGGGCACGAGGGACAAGATACCAGACATTTACCAATTTC","GARGTRYQTFTNF",3,1,11,"T",92,128,62,83,340,1,"ACC","C",340,268.681387680958,246.126393594561,134.838009530003,171.949807229764,0.501850949534747,0.698624006627318,0.600237478081033,0.139139563024965
"GGGGCACGAGGGACAAGATACTCCACATTTGTGAATTTC","GARGTRYSTFVNF",3,1,8,"S",35,77,113,113,337,1,"TCC","C",337,102.215745313408,148.060408646728,245.753146401456,234.100339963414,2.4042592033932,1.5811136961129,1.99268644975305,0.582051770101139
"GGGGCACGAGGGACAAGATACCCCACATTTGTGAATTTC","GARGTRYPTFVNF",2,1,8,"P",54,153,44,70,337,1,"CCC","C",337,157.704292769258,294.197954843498,95.6914906341953,145.017909711849,0.606777970046791,0.492926301234804,0.549852135640798,0.0805052870663613
"GGGGCACGAGGGACAAGACCGCAGACATTTGTGAATTTC","GARGTRPQTFVNF",3,1,7,"P",109,51,85,51,336,1,"CCG","G",336,318.329035404614,98.0659849478327,184.858561452423,105.655905647205,0.580715363326683,1.07739605841321,0.829055710869949,0.351206287580134
"GGGGCACGATACACAAGATACCAGACATTTGTGAATTTC","GARYTRYQTFVNF",3,1,4,"Y",39,121,69,26,333,1,"TAC","C",333,113.897544777798,232.666356444858,150.061655767261,53.8637950358298,1.31751440349321,0.231506591063996,0.774510497278602,0.767923488590264
"GGGGCACGAGGGACAAGACTCCAGACATTTGTGAATTTC","GARGTRLQTFVNF",2,1,7,"L",52,97,82,16,336,1,"CTC","C",336,151.863393037063,186.517657645878,178.334141636455,33.1469507912799,1.17430631615699,0.177714813758881,0.676010564957935,0.704696609418592
"GGGGCACGAGGGACAAGATACACCACATTTGTGAATTTC","GARGTRYTTFVNF",3,1,8,"T",54,65,40,68,337,1,"ACC","C",337,157.704292769258,124.986059247238,86.9922642129049,140.874540862939,0.551616336406174,1.12712203033998,0.839369183373076,0.406943978792063
"GGGGCACGAATCACAAGATACCAGACATTTGTGAATTTC","GARITRYQTFVNF",3,1,4,"I",38,36,33,29,333,1,"ATC","C",333,110.9770949117,69.2230481984702,71.7686179756465,60.0788483091948,0.646697573339343,0.867902380388422,0.757299976863883,0.156415419095466
"GGGGCACGAGGGACAAGACCCCAGACATTTGTGAATTTC","GARGTRPQTFVNF",2,1,7,"P",22,18,41,25,336,1,"CCC","C",336,64.2498970541422,34.6115240992351,89.1670708182275,51.7921106113748,1.38781655545826,1.4963834144628,1.44209998496053,0.0767683622142316
"GGGGCACGACACACAAGATACCAGACATTTGTGAATTTC","GARHTRYQTFVNF",3,1,4,"H",35,38,12,16,333,1,"CAC","C",333,102.215745313408,73.0687730983852,26.0976792638715,33.1469507912799,0.255319561422286,0.453640445647669,0.354480003534978,0.14023404208668
"GGGGCACGACTCACAAGATACCAGACATTTGTGAATTTC","GARLTRYQTFVNF",3,1,4,"L",8,36,22,13,333,1,"CTC","C",333,23.363598928779,69.2230481984702,47.8457453170977,26.9318975179149,2.04787564890792,0.389059687760327,1.21846766833412,1.17296001486794
"GGGGCACGATTCACAAGATACCAGACATTTGTGAATTTC","GARFTRYQTFVNF",3,1,4,"F",14,16,19,30,333,1,"TTC","C",333,40.8862981253632,30.7657991993201,41.3213255011298,62.1505327336497,1.01063993062988,2.02011760952478,1.51537877007733,0.713808512203035
"GGGGCACGAACCACAAGATACCAGACATTTGTGAATTTC","GARTTRYQTFVNF",3,1,4,"T",8,30,15,14,333,1,"ACC","C",333,23.363598928779,57.6858734987251,32.6220990798393,29.0035819423699,1.39627885152813,0.5027848272595,0.949531839393814,0.631795683510005
"GGGGCACGAGGGACAAGATACCAGACAGGGGTGAATTTC","GARGTRYQTGVNF",3,1,10,"G",16,21,9,18,339,1,"GGG","G",339,46.727197857558,40.3801114491076,19.5732594479036,37.2903196401898,0.418883655458438,0.923482335782755,0.671182995620597,0.356805148635107
"GGGGCACGAGGGACAAGATACCAGACATGGGTGAATTTC","GARGTRYQTWVNF",2,1,10,"W",7,19,12,14,339,1,"TGG","G",339,20.4431490626816,36.5343865491926,26.0976792638715,29.0035819423699,1.27659780711143,0.793870779883421,1.03523429349743,0.341339554414949
"GGGGCACGAGGGACAAGATACCAGACAGGCGTGAATTTC","GARGTRYQTGVNF",3,1,10,"G",4,3,8,10,339,1,"GGC","C",339,11.6817994643895,5.76858734987251,17.398452842581,20.7168442445499,1.48936410829667,3.59132019471071,2.54034215150369,1.48630740245971
"GGGGCACGACCCACAAGATACCAGACATTTGTGAATTTC","GARPTRYQTFVNF",3,1,4,"P",11,11,1,1,333,1,"CCC","C",333,32.1249485270711,21.1514869495326,2.17480660532262,2.07168442445499,0.0676983685589395,0.0979450962193831,0.0828217323891613,0.0213876662374024
"GGGGCACGAGGGACAAGATACCAGACATGCGTGAATTTC","GARGTRYQTCVNF",2,1,10,"C",7,6,6,4,339,1,"TGC","C",339,20.4431490626816,11.537174699745,13.0488396319357,8.28673769781997,0.638298903555716,0.718264038942143,0.678281471248929,0.0565438894902429
"GGGGCACGAGGGACAAGATACCAGACAAGGGTGAATTTC","GARGTRYQTRVNF",3,1,10,"R",2,6,3,6,339,1,"AGG","G",339,5.84089973219475,11.537174699745,6.52441981596786,12.43010654673,1.1170230812225,1.07739605841321,1.09720956981786,0.0280205365466818
"GGGGCACGAGGGACAAGATACCAGACACGGGTGAATTTC","GARGTRYQTRVNF",3,1,10,"R",1,6,0,0,339,1,"CGG","G",339,2.92044986609737,11.537174699745,0,0,0,0,0,0
