"Position","G","P","A","I","L","V","F","W","Y","M","C","S","T","N","Q","H","K","R","D","E","*","syn"
"G330",NA,0.666504411370613,0.793831348581079,3.19853467127541,0.980364064360308,1.11908175536668,NA,1.04684245946386,0.289604428735174,1.18113749426463,1.05076292793898,0.677480399230594,0.521310452301578,NA,0.563308715223771,0.462172450608323,1.9657703811923,1.30571835787867,0.630164283607183,0.575072283952282,5.13375589260819,0.725681300460091
"A331",1.13300573911006,0.731383004769199,NA,NA,1.01688153476038,0.751286933678266,0.505806239870657,0.969809951496241,0.662625798303483,0.790054871326018,0.684632193734063,0.962268474133471,0.656737158067684,1.94359487169647,0.531746864443008,0.394114342063903,0.988204676554861,1.51545651895428,0.62174483061933,0.725180681764183,3.56394845497889,0.828469746857038
"R332",NA,NA,NA,NA,NA,NA,NA,NA,NA,NA,NA,NA,NA,NA,NA,NA,NA,NA,NA,NA,NA,NA
"G333",NA,1.41439161407532,0.643718227005464,NA,0.710034050107507,0.78756205194521,NA,0.851444487001899,NA,1.46343856426892,0.781942656884835,0.750428229377015,0.581074408748203,NA,0.485998269464531,NA,0.710913430197887,1.27430580764081,0.167226359228469,0.584680681995002,3.39500492096245,0.870330946213431
"T334",0.840817494300803,0.653627604074985,1.72525523858742,1.16581792585559,0.874088705978802,0.867369232132657,1.47980205192016,1.07058667932791,0.785566794421713,1.05457913177054,0.972210788046927,1.0672256060061,NA,1.00658227396,0.67021549473382,1.0934688108809,0.893423324782912,1.46049024221308,0.752871958586965,0.640001540011092,1.71266639628539,0.767680766067156
"R335",0.550800553229122,0.503492906698305,0.495183329837253,0.364712143534794,0.465078709519783,0.566834975231272,0.678172096746877,0.940837048224453,1.02310941541413,0.614526781802398,0.583443885127947,0.517124121172267,0.398727821969698,0.306053480775066,0.403230523703204,0.274847907530512,0.587807523356168,NA,0.437942911327265,0.839523994441534,2.76714978423408,0.711232489242846
"Y336",0.96807485755783,0.868097815705965,0.782961689332733,1.20782948929191,0.862278604668694,0.611379737390994,0.681521474783286,1.08242117807702,NA,1.28414357849599,0.802187128130387,0.877117571876311,0.498211688439056,NA,0.517231131427222,0.636828975970817,1.66626771176091,1.32208345432598,0.916968091922183,1.5091371394747,3.75876180352687,0.854330199039302
"Q337",0.798671838000493,1.01988309838358,0.630087615225616,2.19852132620558,1.22140019426063,1.66953415038289,0.872159108483596,1.49414573138824,1.24683650723667,1.32997315131312,0.792538558993563,0.722842956541832,1.34929464174071,1.0283178596488,NA,0.498798607420164,1.15173933677085,1.69152611636519,0.377329056345404,0.619116121409132,4.27256739845546,NA
"T338",0.564391987726395,0.770900419664352,0.762372579256993,3.07644255327746,1.70330733152282,1.85115917975497,1.85299099829525,1.60595795150003,0.756573930575131,1.10032034999219,0.81565314124737,0.670698316799777,NA,0.740184468682525,0.592905002746579,0.793814791164263,1.08669279810266,1.64982021113594,0.635016406826078,0.544869414048047,3.4328501930548,0.93826936136752
"F339",0.718450201900865,1.23549783936046,0.697961230272473,0.669320826726566,0.683238679206902,0.776649760663576,NA,1.2141839044236,0.622378707344073,0.906080986754154,0.616260310157654,0.737053631793331,0.776600187132863,0.917555426123093,0.834430941883642,0.799802504507965,1.53266631660107,1.23196372095742,1.3342002184353,1.05804070012601,3.3980148771268,0.809826886524763
"V340",0.812503370827296,0.745364755405225,0.517970049740753,1.21581436137892,1.27413457852846,NA,0.696814308218934,0.769769817091491,0.768869140349919,0.920820807326359,0.589712953920647,0.566903490864552,1.23905570211678,0.761133243763932,0.643089695886747,0.958068875803314,1.37506721123736,1.67417475833509,0.810253223091517,0.743606148624806,4.21618593057494,0.880251988742572
