"seq_nt","seq_aa","dist_nt","dist_aa","mut_index","mut_aa","InputA","InputB","SortA","SortB","dist_codon","mut_codon","mut_codonWob","mutcod_index","InputA_norm","InputB_norm","SortA_norm","SortB_norm","enrichA","enrichB","enrichavg","enrichSD"
"GGGGCACCAGGGACAAGATACCAGACATTTGTG","GAPGTRYQTFV",0,0,NA,"",107029,116442,113713,91422,0,NA,NA,NA,62978.0548584407,65124.561728288,53969.5858960419,55466.7061433099,0.856958602760157,0.851701795318447,0.854330199039302,0.00371712418942503
"GGGGCACCAGGGACAAGATACCAGAGGTTTGTG","GAPGTRYQRFV",2,1,9,"R",39811,42877,92284,70991,1,"AGG","G",9,23425.6074705863,23980.5725874152,43799.1194043806,43070.9997136325,1.86971114663198,1.79607886995308,1.83289500829253,0.0520658821538531
"GGGGCACCAGGGACAAGATACCAGGTGTTTGTG","GAPGTRYQVFV",3,1,9,"V",17309,17960,44190,33363,1,"GTG","G",9,10184.9699758453,10044.8045262023,20973.1165367732,20241.6892767523,2.05922222515265,2.01514018754182,2.03718120634724,0.0311707077231408
"GGGGCACCAGGGACAAGGTACCAGACATTTGTG","GAPGTRYQTFV",1,0,NA,"",23737,27108,24039,20627,1,"AGG","G",6,13967.3367795159,15161.1670989027,11409.2045355848,12514.6217280092,0.816848960949891,0.825439205726774,0.821144083338332,0.0060742203337858
"GGGGCACCAGGGACAAGATACCAGGGGTTTGTG","GAPGTRYQGFV",3,1,9,"G",24848,26540,20761,14808,1,"GGG","G",9,14621.0719255766,14843.4917664482,9853.42549038127,8984.17213110776,0.673919500604105,0.605260020517228,0.639589760560667,0.0485495839621737
"GGGGCACCAGGGACAAGATACCAGACATTTGGG","GAPGTRYQTFG",1,1,11,"G",18955,20225,20012,17005,1,"GGG","G",11,11153.5100752296,11311.5908431204,9497.94089463465,10317.1155516942,0.8515651871538,0.91208351634898,0.88182435175139,0.042792920959992
"GGGGCACCAGGGACAAGATACGGGACATTTGTG","GAPGTRYGTFV",2,1,8,"G",20009,19688,19885,16593,1,"GGG","G",8,11773.7052543006,11011.2534249372,9437.66513540926,10067.1507409151,0.801588364203523,0.914260198399943,0.857924281301733,0.0796710180090148
"GGGGCACCAGGGACAAGATACCAGACAGGGGTG","GAPGTRYQTGV",3,1,10,"G",19331,20528,17920,13404,1,"GGG","G",10,11374.7561732663,11481.0549729333,8505.05201038641,8132.35030020046,0.747712907497354,0.708327790379244,0.728020348938299,0.027849483392042
"GGGGCACCAGGGACAAGATACCAGACATTGGTG","GAPGTRYQTLV",1,1,10,"L",19896,20930,16931,13436,1,"TTG","G",10,11707.2137407949,11705.8885709028,8035.66046807212,8151.76504278524,0.686385389896069,0.696381568422577,0.691383479159323,0.00706836562204541
"GGGGCACCAGGGACAAGATACCAGTGGTTTGTG","GAPGTRYQWFV",3,1,9,"W",13044,14514,27493,20228,1,"TGG","G",9,7675.3566563595,8117.49960430405,13048.5153416046,12272.5441564052,1.70005329078657,1.5118626122135,1.60595795150003,0.133070904975115
"GGGGCACCAGGGACAAGATACCAGACATGGGTG","GAPGTRYQTWV",2,1,10,"W",15206,14841,20111,18628,1,"TGG","G",10,8947.52172007073,8300.38663548825,9544.92751009382,11301.8070271661,1.06676773845466,1.36160007039254,1.2141839044236,0.208477941226315
"GGGGCACCAGGGACAAGAGGGCAGACATTTGTG","GAPGTRGQTFV",3,1,7,"G",17342,15623,15733,13902,1,"GGG","G",7,10204.3878514709,8737.74950517033,7467.07495978847,8434.49223167612,0.731751386606903,0.965293434732277,0.84852241066959,0.165139165921647
"GGGGCACCAGGGACAAGATACCAGACGTTTGTG","GAPGTRYQTFV",1,0,NA,"",16412,17048,17637,14897,1,"ACG","G",9,9657.15681111409,9534.73427409229,8370.73673589203,9038.16938392168,0.866791013091808,0.947920426946782,0.907355720019295,0.0573671586905422
"GGGGCACCAGGGACAAGATACCAGCGGTTTGTG","GAPGTRYQRFV",3,1,9,"R",11430,11916,24265,20473,1,"CGG","G",9,6725.64601212735,6664.47053085897,11516.4669102693,12421.1882793199,1.71232129813306,1.86379221302055,1.78805675557681,0.107106111069478
"GGGGCACCAGGGACAAGATACCAGGCGTTTGTG","GAPGTRYQAFV",2,1,9,"A",14405,16446,16591,13666,1,"GCG","G",9,8476.19692079566,9198.04316469508,7874.29229376791,8291.30850511336,0.92898883394851,0.90142091710745,0.91520487552798,0.0194934609415
"GGGGCACCAGGGACAAGATACTGGACATTTGTG","GAPGTRYWTFV",2,1,8,"W",11423,13071,21457,17751,1,"TGG","G",8,6721.52706881283,7310.44765935361,10183.7556354275,10769.7217382019,1.51509553278139,1.47319592999509,1.49414573138824,0.0296274932592137
"GGGGCACCAGGGACAAGATACTAGACATTTGTG","GAPGTRY*TFV",1,1,8,"*",6722,6690,34375,27261,1,"TAG","G",8,3955.36242288014,3741.63375725466,16314.7970344326,16539.5405501167,4.12472873283577,4.42040606407514,4.27256739845546,0.209075445962494
"GGGGCACCAGGGACAAGATACCAGACATGCGTG","GAPGTRYQTCV",2,1,10,"C",17269,15169,12743,8912,1,"TGC","C",10,10161.4331569053,8483.83295422958,6047.98425046619,5407.00580986172,0.595190083630698,0.63733053668461,0.616260310157654,0.0297978001166946
"GGGGCACCAGGGACAGTGTACCAGACATTTGTG","GAPGTVYQTFV",3,1,6,"V",15258,18123,12031,9666,1,"GTG","G",6,8978.11958469283,10135.9683980159,5710.06030898208,5864.46568201564,0.635997355027149,0.57857971253774,0.607288533782444,0.040600404364006
"GGGGCACCAGGGACAAGATACCAGACAGGCGTG","GAPGTRYQTGV",3,1,10,"G",15367,15847,13874,10073,1,"GGC","C",10,9042.25741630454,8863.02991796929,6584.77073616636,6111.39693926583,0.728221995128454,0.689538114598408,0.708880054863431,0.0273536342454058
"GGGGCACCAGGGACAAGATACGTGACATTTGTG","GAPGTRYVTFV",2,1,8,"V",9738,12771,20844,19325,1,"GTG","G",8,5730.03857096204,7142.66139221214,9892.81830940259,11724.6843890909,1.7264837202905,1.64150079995037,1.68399226012043,0.0600919992575413
"GGGGCACCAGGGACAAGATACAGGACATTTGTG","GAPGTRYRTFV",2,1,8,"R",11486,10678,19942,17952,1,"AGG","G",8,6758.59755864346,5972.07253512186,9464.71803521908,10891.6705900626,1.40039674697228,1.82376729786995,1.61208202242112,0.299368187494431
"GGGGCACCAGGGACAAGATACCGGACATTTGTG","GAPGTRYRTFV",1,1,8,"R",11699,11261,21296,16298,1,"CGG","G",8,6883.93111949937,6298.13718093344,10107.3430587717,9888.17108271166,1.46825162589755,1.57001519634194,1.51913341111974,0.0719577107389779
"GGGGCACCAGGGACAAGATACCAGACAGAGGTG","GAPGTRYQTEV",3,1,10,"E",12821,12449,19120,10480,1,"GAG","G",10,7544.13889076857,6962.57079881364,9074.58674322479,6358.32819651602,1.202865810746,0.913215589506024,1.05804070012601,0.204813635610974
"GGGGTGCCAGGGACAAGATACCAGACATTTGTG","GVPGTRYQTFV",2,1,2,"V",13755,13577,14267,10013,1,"GTG","G",2,8093.72361301939,7593.44716326555,6771.29336117092,6074.99429691937,0.836610401457095,0.800031154007112,0.818320777732104,0.0258654339225838
"GGGGCACCAGGGACAAGATACCAGGGCTTTGTG","GAPGTRYQGFV",3,1,9,"G",14844,15350,8306,7458,1,"GGC","C",9,8734.51350866302,8585.0640020716,3942.12957579629,4524.8484436657,0.451327892719661,0.527060537064586,0.489194214892123,0.0535510663734852
"GGGGCACCAGGGACAAGATACGAGACATTTGTG","GAPGTRYETFV",1,1,8,"E",14644,14585,9651,9501,1,"GAG","G",8,8616.82941396263,8157.20902086087,4580.48308885264,5764.35841556286,0.531574070786462,0.706658172031801,0.619116121409132,0.123803155268531
"GGGGCACCAGGGACACGGTACCAGACATTTGTG","GAPGTRYQTFV",2,0,NA,"",13152,13973,13465,8328,1,"CGG","G",6,7738.90606749771,7814.92503589228,6390.65431472394,5052.68675768945,0.825782644082446,0.646543214999957,0.736162929541202,0.126741415760233
"GGGGCACCAGGGACAAGATACCAGACAGTGGTG","GAPGTRYQTVV",2,1,10,"V",13254,14021,12863,9037,1,"GTG","G",10,7798.92495579491,7841.77083863491,6104.93772375003,5482.84464808352,0.782792212818231,0.699184503208203,0.740988358013217,0.0591195784247269
"GGGGCACCAGGGACAAGATACCAGACAAGGGTG","GAPGTRYQTRV",3,1,10,"R",11709,10874,17432,11964,1,"AGG","G",10,6889.81532423439,6081.69289632095,8273.44121903214,7258.68688388528,1.20082191316957,1.19353065135471,1.19717628226214,0.00515570067268929
"GGGGGGCCAGGGACAAGATACCAGACATTTGTG","GGPGTRYQTFV",2,1,2,"G",11914,10898,16736,12615,1,"GGG","G",2,7010.44152130229,6095.11579769227,7943.11107398588,7653.65555334443,1.13304005886784,1.25570305920066,1.19437155903425,0.0867358393360239
"GGCGCACCAGGGACAAGATACCAGACATTTGTG","GAPGTRYQTFV",1,0,NA,"",11895,13224,11566,8132,1,"GGC","C",1,6999.26153230576,7396.01865559576,5489.36560000721,4933.77145935766,0.784277823406159,0.667084777514024,0.725681300460091,0.082867997458235
"GGGGCACCAGGGACAAGATACCAGTTGTTTGTG","GAPGTRYQLFV",3,1,9,"L",7161,10203,18481,16733,1,"TTG","G",9,4213.6790107475,5706.41094548121,8771.30949798836,10152.0902397235,2.0816273559557,1.77906749736676,1.93034742666123,0.213942127723084
"TAGGCACCAGGGACAAGATACCAGACATTTGTG","*APGTRYQTFV",2,1,1,"*",4430,4688,30425,20432,1,"TAG","G",1,2606.70269761366,2621.94006786395,14440.0785388397,12396.3131403832,5.53959550203367,4.72791628318271,5.13375589260819,0.573943879797713
"GGGGCACCAGGGACAGGGTACCAGACATTTGTG","GAPGTGYQTFV",2,1,6,"G",13715,14014,10337,6259,1,"GGG","G",6,8070.18679407931,7837.85582573495,4906.06711112524,3797.40230744216,0.607924851841667,0.484495044546967,0.546209948194317,0.0872780537386312
"GGGGCACCAGGGACAAGATACTTGACATTTGTG","GAPGTRYLTFV",2,1,8,"L",10806,10450,14391,10727,1,"TTG","G",8,6358.47163666213,5844.55497209435,6830.14528356422,6508.18574084231,1.07418034928118,1.11354684350076,1.09386359639097,0.0278363150142005
"GGGGCACCAGGGACATGGTACCAGACATTTGTG","GAPGTWYQTFV",2,1,6,"W",11091,11416,12958,9885,1,"TGG","G",6,6526.17147161018,6384.82675228986,6150.02589009973,5997.33532658024,0.942363515401527,0.939310581047379,0.940837048224453,0.00215875058433581
"GGGGCACCAGGGACAAGATACCAGACACAGGTG","GAPGTRYQTQV",3,1,10,"Q",10498,11473,10340,9248,1,"CAG","G",10,6177.23813082352,6416.70614304674,4907.49094795734,5610.86060700193,0.794447428450212,0.874414455317072,0.834430941883642,0.056545226968884
"GGGGCACCAGGGACAAGATACCAGCTGTTTGTG","GAPGTRYQLFV",3,1,9,"L",8381,9075,15445,13604,1,"CTG","G",9,4931.55198841988,5075.5345810293,7330.38662390726,8253.69244135534,1.48642590428333,1.62617204347399,1.55629897387866,0.0988154426663607
"GGGGCACCAGGGACAAGATACCAGACAGCGGTG","GAPGTRYQTAV",3,1,10,"A",10598,12868,10394,9271,1,"GCG","G",10,6236.08017817372,7196.91228525455,4933.12001093507,5624.81495323474,0.791061030324945,0.781559470268824,0.786310250296884,0.00671861754753417
"GGGGCACCAGGGACAAGAGGCCAGACATTTGTG","GAPGTRGQTFV",2,1,7,"G",9832,9591,13677,9312,1,"GGC","C",7,5785.35009547122,5364.12696051262,6491.27211752539,5649.69009217149,1.12201889434604,1.0532357145461,1.08762730444607,0.0486370528681153
"GGGGCACCAGGGACAAGATACCAGGTCTTTGTG","GAPGTRYQVFV",3,1,9,"V",7828,8583,16685,12747,1,"GTC","C",9,4606.1554665733,4800.3651029173,7918.90584784025,7733.74136650666,1.71920073156615,1.61107357475928,1.66513715316271,0.0764574458085626
"GGGGCACCAGGGGGGAGATACCAGACATTTGTG","GAPGGRYQTFV",3,1,5,"G",9326,10841,11887,8728,1,"GGG","G",5,5487.60933587923,6063.23640693539,5641.71614104148,5295.37103999922,1.02808268514208,0.87335717834491,0.950719931743496,0.109407455078805
"GGGGCACCAGGGACAAAGTACCAGACATTTGTG","GAPGTKYQTFV",2,1,6,"K",10591,11585,8041,6015,1,"AAG","G",6,6231.96123485921,6479.34634944622,3816.35732229448,3649.3648952332,0.612384637591653,0.563230409120682,0.587807523356168,0.0347572882758161
"GGGGCGCCAGGGACAAGATACCAGACATTTGTG","GAPGTRYQTFV",1,0,NA,"",11001,10593,10626,6575,1,"GCG","G",2,6473.21362899501,5924.53309276511,5043.23005928382,3989.12289046688,0.779092170957256,0.673322745945717,0.726207458451487,0.0747902776678614
"GGGGCACCAGGGACAAGATACCAGATGTTTGTG","GAPGTRYQMFV",2,1,9,"M",8803,10001,13381,8985,1,"ATG","G",9,5179.86542823771,5593.43485893929,6350.78688342526,5451.29569138325,1.22605248561176,0.974588214372628,1.10032034999219,0.177812091419322
"GGGGCACCAGGGACAAGATACCAGACATTTTGG","GAPGTRYQTFW",2,1,11,"W",10283,10180,9403,7526,1,"TGG","G",11,6050.7277290206,5693.54733166703,4462.77924406604,4566.10477165836,0.737560743753447,0.801978890429534,0.769769817091491,0.0455505083461309
"GGGGCACCAGGGACAAGATACCAGACAAGCGTG","GAPGTRYQTSV",3,1,10,"S",10096,10629,9947,7370,1,"AGC","C",10,5940.69310047574,5944.66744482209,4720.96832295277,4471.45790155755,0.794683085476122,0.752179653960672,0.773431369718397,0.0300544646482733
"GGGGCACCAGGGACAAGATACCAGACAATGGTG","GAPGTRYQTMV",2,1,10,"M",9867,10178,10353,9062,1,"ATG","G",10,5805.94481204379,5692.42875655275,4913.66090756309,5498.01241572788,0.846315469167093,0.965846504341215,0.906080986754154,0.0845212055338692
"GGGGCACCAGGGACAAGATACCAGGAGTTTGTG","GAPGTRYQEFV",3,1,9,"E",10860,12655,8530,5322,1,"GAG","G",9,6390.24634223123,7077.78403558411,4048.44272592612,3228.91437613152,0.633534688509764,0.45620413958633,0.544869414048047,0.125391633655293
"GGGGCACCAGGGACAAGATACCAGACAGTCGTG","GAPGTRYQTVV",2,1,10,"V",9510,10481,10099,7421,1,"GTC","C",10,5595.87870300359,5861.89288636563,4793.1093891123,4502.40014755204,0.856542760038668,0.768079566589202,0.812311163313935,0.0625529239735346
"TGGGCACCAGGGACAAGATACCAGACATTTGTG","WAPGTRYQTFV",1,1,1,"W",9365,8488,11705,8494,1,"TGG","G",1,5510.55773434581,4747.23278498917,5555.33670656099,5153.40073484801,1.00812603267653,1.0855588862512,1.04684245946386,0.0547532958492735
"GGGGCACCAGGGACAGCGTACCAGACATTTGTG","GAPGTAYQTFV",3,1,6,"A",9601,12035,8447,5547,1,"GCG","G",6,5649.42496609227,6731.02575015842,4009.0499069048,3365.42428493076,0.709638579318609,0.49998683853669,0.60481270892765,0.148246167594459
"GGGGCACCAGGGACAAGATACCAGACATCGGTG","GAPGTRYQTSV",2,1,10,"S",8845,9349,10298,6282,1,"TCG","G",10,5204.57908812479,5228.77937168517,4887.557232308,3811.35665367497,0.939087897321007,0.7289190043692,0.834003450845104,0.148611849400692
"GGGGCACCAGGGACAAGATACCAGAGCTTTGTG","GAPGTRYQSFV",2,1,9,"S",8663,9648,7985,6905,1,"AGC","C",9,5097.48656194744,5396.0063512695,3789.77903476203,4189.33742337244,0.743460328675037,0.776377407781744,0.75991886822839,0.023275889853206
"GGGGCACCAGGGACAAGATACCAGACAAAGGTG","GAPGTRYQTKV",3,1,10,"K",6512,8012,12246,11437,1,"AAG","G",10,3831.79412344473,4481.01190779138,5812.10194861563,6938.95034194215,1.51680955744841,1.54852307575372,1.53266631660107,0.0224248438489679
"GGGGCACCAGGGTGGAGATACCAGACATTTGTG","GAPGWRYQTFV",3,1,5,"W",8263,9217,10359,9601,1,"TGG","G",5,4862.11837254665,5154.95341414293,4916.50858122728,5825.0294861403,1.01118652499037,1.12998683366546,1.07058667932791,0.0840045038712091
"GGGGCACCAGGGACAGAGTACCAGACATTTGTG","GAPGTEYQTFV",3,1,6,"E",9476,9044,9339,7371,1,"GAG","G",6,5575.87240690453,5058.19666675802,4432.40405831466,4472.06461226332,0.794925660929055,0.884122327954012,0.839523994441534,0.0630715681125856
"GGGGCACCAGGGACAAGATACAAGACATTTGTG","GAPGTRYKTFV",1,1,8,"K",7887,7987,9712,9647,1,"AAG","G",8,4640.87227450992,4467.02971886292,4609.43443777192,5852.93817860592,0.993225877619889,1.3102527959218,1.15173933677085,0.224171883749956
"GGGGCACCAGGGACATTGTACCAGACATTTGTG","GAPGTLYQTFV",3,1,6,"L",10371,10994,6999,5888,1,"TTG","G",6,6102.50873068878,6148.80740317754,3321.81132927983,3572.31263559984,0.544335366957337,0.580976505094918,0.562655936026128,0.0259091972474764
"GGGGCACCAGGGACAAGATACCAGACATTTTTG","GAPGTRYQTFL",1,1,11,"L",8284,8720,9120,7459,1,"TTG","G",11,4874.4752024902,4876.98749824523,4328.46396957166,4525.45515437147,0.887985637379056,0.927920187615768,0.907952912497412,0.028237991276014
"GGGGCACCAGGGACAAGATACCAGACATTTGGC","GAPGTRYQTFG",2,1,11,"G",8133,9839,7839,6430,1,"GGC","C",11,4785.6237109914,5502.8302746829,3720.48564226669,3901.14983812958,0.777429624005258,0.708935155801146,0.743182389903202,0.0484329029408939
"GGGGCACCAGGGACAAGATACCAGACAGACGTG","GAPGTRYQTDV",3,1,10,"D",7856,7454,12789,9313,1,"GAC","C",10,4622.63123983136,4168.92945090825,6069.81641522499,5650.29680287726,1.31306524364821,1.35533519322239,1.3342002184353,0.029889367984318
"GGGGCACCAGGGACAAGATACCAGACACGGGTG","GAPGTRYQTRV",3,1,10,"R",7875,8100,11666,8825,1,"CGG","G",10,4633.8112288279,4530.22921281954,5536.82682774375,5354.22197845934,1.19487535299194,1.18188765444982,1.18838150372088,0.00918368971113938
"GGGCGGCCAGGGACAAGATACCAGACATTTGTG","GRPGTRYQTFV",3,1,2,"R",6624,5939,16673,9738,1,"CGG","G",2,3897.69721647695,3321.60880184386,7913.21050051187,5908.1488528314,2.03022709590163,1.77870098656763,1.90446404123463,0.177855817555541
"GGGGCACCAGGGACAAGATACGGCACATTTGTG","GAPGTRYGTFV",3,1,8,"G",8418,9935,8379,6191,1,"GGC","C",8,4953.32354593946,5556.52188016817,3976.77627204396,3756.1459794495,0.802850093510239,0.675988695888266,0.739419394699252,0.0897045545292998
"GGGGCACCAGTGACAAGATACCAGACATTTGTG","GAPVTRYQTFV",1,1,4,"V",9280,8701,10854,5533,1,"GTG","G",4,5460.54199409814,4866.36103465961,5151.44165852311,3356.93033504992,0.943393836013144,0.689823527506674,0.816608681759909,0.17930128465249
"GGGAGGCCAGGGACAAGATACCAGACATTTGTG","GRPGTRYQTFV",3,1,2,"R",7351,5496,13081,12035,1,"AGG","G",2,4325.47890071287,3073.84441403163,6208.40320021566,7301.76334399526,1.43531001831785,2.37544987985203,1.90537994908494,0.664779271354599
"GGGGCACCATGGACAAGATACCAGACATTTGTG","GAPWTRYQTFV",1,1,4,"W",8262,9107,9722,6328,1,"TGG","G",4,4861.52995207315,5093.43178285772,4614.18056054558,3839.26534614059,0.9491210804076,0.753767893596198,0.851444487001899,0.138135563120745
"GGGGCACCAGGGACAAGATACCAGACATTCGTG","GAPGTRYQTFV",1,0,NA,"",8888,9120,8565,7082,1,"TTC","C",10,5229.88116848538,5100.70252110052,4065.05415563391,4296.72521829451,0.777274669284921,0.842379103764604,0.809826886524763,0.0460357871058988
"GGGGCACCAGGGACAAGATACCTGACATTTGTG","GAPGTRYLTFV",1,1,8,"L",6074,7435,11594,9199,1,"CTG","G",8,3574.06595605087,4158.30298732263,5502.65474377344,5581.13178241898,1.53960637868405,1.34216573429933,1.44088605649169,0.139611618526278
"GGGGCACCAGGGAGGAGATACCAGACATTTGTG","GAPGRRYQTFV",2,1,5,"R",7260,6734,11424,9334,1,"AGG","G",5,4271.93263762419,3766.24240976874,5421.97065662134,5663.03772769853,1.26920790109573,1.50363070444163,1.38641930276868,0.165761953910651
"GGGGCACCAGGGACAAGATACCAGATCTTTGTG","GAPGTRYQIFV",2,1,9,"I",4283,4597,16247,13108,1,"ATC","C",9,2520.20488800887,2571.04490016437,7711.02567035425,7952.76393129123,3.0596820548374,3.09320305171753,3.07644255327746,0.0237029242060713
"GGGGCACCAGGGACAAGATACCAGACATAGGTG","GAPGTRYQT*V",2,1,10,"*",4079,4059,16609,13140,1,"TAG","G",10,2400.16711141447,2270.14819442401,7882.83531476049,7972.17867387601,3.2842860304485,3.5117437238051,3.3980148771268,0.1608368774055
"GGGGCACCAGGGACAAGATACCAGTCGTTTGTG","GAPGTRYQSFV",2,1,9,"S",7627,8058,7086,5910,1,"TCG","G",9,4487.88295139941,4506.73913541974,3363.10259741061,3585.66027112688,0.749373955121073,0.795621881671864,0.772497918396468,0.0327022224798817
"GGGGCACCAGGGACAAGATGGCAGACATTTGTG","GAPGTRWQTFV",2,1,7,"W",6457,7539,8971,7257,1,"TGG","G",7,3799.43099740212,4216.468893265,4257.74674024423,4402.89959180504,1.12062746846975,1.04421488768429,1.08242117807702,0.0540318540413579
"GGGGCACCAGGGACAAGATACCAGACATTTAGG","GAPGTRYQTFR",2,1,11,"R",5645,6237,11661,8423,1,"AGG","G",11,3321.63357291854,3488.27649387105,5534.45376635692,5110.32427473802,1.66618431710217,1.46499977387599,1.56559204548908,0.14225895478515
"GTGGCACCAGGGACAAGATACCAGACATTTGTG","VAPGTRYQTFV",1,1,1,"V",7408,7401,8727,8793,1,"GTG","G",1,4359.01886770248,4139.28721037993,4141.94134456709,5334.80723587456,0.950200370834869,1.28882268002488,1.11951152542987,0.239442131089303
"GGGGCACCAGGGACATCGTACCAGACATTTGTG","GAPGTSYQTFV",3,1,6,"S",9132,8873,5699,3758,1,"TCG","G",6,5373.45576401985,4962.55849448738,2704.81536870492,2280.01883230031,0.503366080877804,0.45944422314277,0.481405152010287,0.0310574434467538
"GGGGCACCAGGGACAAGATACGCGACATTTGTG","GAPGTRYATFV",2,1,8,"A",8036,8257,5779,6747,1,"GCG","G",8,4728.54692506171,4618.03735929024,2742.78435089415,4093.47713186008,0.580048034705366,0.88641057085108,0.733229302778223,0.216631026810144
"GGGGCACCAGGGACAAGATACCAGGACTTTGTG","GAPGTRYQDFV",3,1,9,"D",7408,9121,5578,5572,1,"GAC","C",9,4359.01886770248,5101.26180865766,2647.38728314372,3380.59205257512,0.607335587087991,0.662697226564164,0.635016406826078,0.0391465906912068
"AGGGCACCAGGGACAAGATACCAGACATTTGTG","RAPGTRYQTFV",1,1,1,"R",6368,5843,11174,7533,1,"AGG","G",1,3747.06157526045,3267.91719635859,5303.31758728001,4570.35174659878,1.4153270451424,1.39855188243187,1.40693946378714,0.0118618313081272
"GGGGCACCAAGGACAAGATACCAGACATTTGTG","GAPRTRYQTFV",1,1,4,"R",6173,5811,10783,6367,1,"AGG","G",4,3632.31958292757,3250.01999453017,5117.74418683017,3862.92706366579,1.40894656155376,1.18858563029371,1.29876609592373,0.155818708802563
"GGGGCACCAGGGACAAGAGTGCAGACATTTGTG","GAPGTRVQTFV",3,1,7,"V",6609,9422,5942,5327,1,"GTG","G",7,3888.87090937442,5269.60736335626,2820.14615210469,3231.94792966039,0.725183791857558,0.613318546678576,0.669251169268067,0.0791006734451535
"GAGGCACCAGGGACAAGATACCAGACATTTGTG","EAPGTRYQTFV",1,1,1,"E",7963,9386,6073,4629,1,"GAG","G",1,4685.59223049607,5249.47301129929,2882.32036043955,2808.46385702984,0.615145368749767,0.534999199154796,0.575072283952282,0.0566719000067309
"GGGGCACCACGGACAAGATACCAGACATTTGTG","GAPRTRYQTFV",1,1,4,"R",6627,6208,9408,7935,1,"CGG","G",4,3899.46247789746,3472.05715471404,4465.15230545287,4814.2494503201,1.14506866799252,1.38656975844529,1.26581921321891,0.170767058723099
"GGGTGGCCAGGGACAAGATACCAGACATTTGTG","GWPGTRYQTFV",3,1,2,"W",7103,7286,8738,6363,1,"TGG","G",2,4179.55062328439,4074.96914130903,4147.16207961811,3860.5002208427,0.992250711479401,0.947369191513082,0.969809951496241,0.031736027118144
"GGGGAGCCAGGGACAAGATACCAGACATTTGTG","GEPGTRYQTFV",2,1,2,"E",7385,7416,6769,4861,1,"GAG","G",2,4345.48519681194,4147.676523737,3212.65050548581,2949.2207407695,0.739307663006829,0.711053700521538,0.725180681764183,0.0199785684687399
"GGGGCACCAGGGACAAGATACCAGTGCTTTGTG","GAPGTRYQCFV",3,1,9,"C",7105,7666,7514,5500,1,"TGC","C",9,4180.72746423139,4287.49841302156,3566.23665212296,3336.90888175936,0.853018208585525,0.778288073909215,0.81565314124737,0.0528421849886023
"GGGGCACCAGGGACAAGAGCGCAGACATTTGTG","GAPGTRAQTFV",3,1,7,"A",6351,7658,6958,5343,1,"GCG","G",7,3737.05842721092,4283.02411256445,3302.35222590785,3241.65530095278,0.883676905306642,0.756861324091833,0.820269114699238,0.0896721574371048
"GGGGCACCAGGGACAAGATACCAGACACTGGTG","GAPGTRYQTLV",2,1,10,"L",5663,9279,6553,4451,1,"CTG","G",10,3332.22514144157,5189.6292426855,3110.1342535749,2700.46935140199,0.933350575534463,0.520358820470297,0.72685469800238,0.292029270580005
"GGGGCACCAGGGTGCAGATACCAGACATTTGTG","GAPGCRYQTFV",3,1,5,"C",6030,6582,8170,5167,1,"TGC","C",5,3548.17545521679,3681.23070108373,3877.58230607461,3134.87421673648,1.09283837708011,0.851583199013741,0.972210788046927,0.170593172407101
"GGGGCACCAGGGACAAGATACATGACATTTGTG","GAPGTRYMTFV",2,1,8,"M",5173,6693,9466,7305,1,"ATG","G",8,3043.89910942561,3743.31161992607,4492.67981754006,4432.02170568221,1.47596213147414,1.1839841711521,1.32997315131312,0.206459595700727
"GGGGCACCAGGGACAAGATGCCAGACATTTGTG","GAPGTRCQTFV",1,1,7,"C",7157,6831,6290,5639,1,"TGC","C",7,4211.32532885349,3820.49330281115,2985.31122462782,3421.24166986201,0.708876895397809,0.895497360862964,0.802187128130387,0.131960596638601
"GCGGCACCAGGGACAAGATACCAGACATTTGTG","AAPGTRYQTFV",1,1,1,"A",7244,6461,6933,5508,1,"GCG","G",1,4262.51791004816,3613.55690667001,3290.48691897372,3341.76256740556,0.771958496928999,0.924784818314951,0.848371657621975,0.108064528195801
"GGGACGCCAGGGACAAGATACCAGACATTTGTG","GTPGTRYQTFV",2,1,2,"T",6598,6095,5306,5782,1,"ACG","G",2,3882.3982841659,3408.85766075742,2518.29274370035,3508.00130078775,0.648643585582407,1.02908412433047,0.838863854956437,0.269012084787017
"CGGGCACCAGGGACAAGATACCAGACATTTGTG","RAPGTRYQTFV",1,1,1,"R",6234,6679,7688,4920,1,"CGG","G",1,3668.21323181119,3735.48159412614,3648.81918838453,2985.0166724102,0.99471294545844,0.799098214565958,0.896905580012199,0.138320502714056
"GGGGCACCAGGGTCGAGATACCAGACATTTGTG","GAPGSRYQTFV",2,1,5,"S",6277,5689,6884,4954,1,"TCG","G",5,3693.51531217177,3181.78691255931,3267.23091738282,3005.64483640653,0.884585724232912,0.944640517736275,0.914613120984593,0.0424651517289855
"GGGGCACCAGGGACAAGATACCAGACATTTCGG","GAPGTRYQTFR",2,1,11,"R",4223,5808,10595,6802,1,"CGG","G",11,2484.89965959876,3248.34213185875,5028.5170786855,4126.84622067767,2.02362983119305,1.27044690896406,1.64703837007855,0.532580751782019
"GGGGCACCAGGGACAACGTACCAGACATTTGTG","GAPGTTYQTFV",2,1,6,"T",7505,7372,3540,3360,1,"ACG","G",6,4416.09565363217,4123.06787122292,1680.12746187321,2038.54797140208,0.380455405328761,0.494425033754645,0.437440219541703,0.0805886971092534
"GGGGCACCAGGGACAAGATACCAGACAACGGTG","GAPGTRYQTTV",3,1,10,"T",6867,7209,6498,5172,1,"ACG","G",10,4040.68339153793,4031.90399940939,3084.03057831981,3137.90777026535,0.763244797842474,0.778269465425021,0.770757131633747,0.0106240443326926
"GGGGCACCAGGGACAATGTACCAGACATTTGTG","GAPGTMYQTFV",2,1,6,"M",6706,8152,6022,3793,1,"ATG","G",6,3945.94769530411,4559.31216579073,2858.11513429392,2301.25370700241,0.724316527990279,0.504737035614516,0.614526781802398,0.155266148068402
"GGGGCACCAGGGCGGAGATACCAGACATTTGTG","GAPGRRYQTFV",3,1,5,"R",5139,4830,7430,8882,1,"CGG","G",5,3023.89281332655,2701.35890097758,3526.36922082428,5388.80448868849,1.16616872307222,1.99484951323512,1.58050911815367,0.585965806163215
"GGGGCACCAGGGGCGAGATACCAGACATTTGTG","GAPGARYQTFV",2,1,5,"A",6615,7845,6194,4719,1,"GCG","G",5,3892.40143221543,4387.6108857493,2939.74844600075,2863.06782054953,0.755253150836382,0.652534578635633,0.703893864736008,0.0726329989569494
"GGGGCACCAGGGACATAGTACCAGACATTTGTG","GAPGT*YQTFV",3,1,6,"*",3622,3441,11372,9522,1,"TAG","G",6,2131.25895502408,1924.5084841126,5397.29081819834,5777.09934038412,2.53244252908599,3.00185703938218,2.76714978423408,0.331926183417796
"GGGGCACCAGGGACAAGATACCAGTAGTTTGTG","GAPGTRYQ*FV",3,1,9,"*",3234,3400,12695,11595,1,"TAG","G",9,1902.95181130532,1901.57769426993,6025.20286115265,7034.81063345451,3.1662403773744,3.69946000873521,3.4328501930548,0.377043217197021
"GGGGCACCAGGGACAAGATACCAGACAGCCGTG","GAPGTRYQTAV",3,1,10,"A",6654,7436,4841,4335,1,"GCC","C",10,3915.34983068201,4158.86227487977,2297.59803472548,2630.09090953215,0.586818070947511,0.632406349548613,0.609612210248062,0.0322357809414605
"GGGGCACCAGGGGTGAGATACCAGACATTTGTG","GAPGVRYQTFV",3,1,5,"V",5901,6627,6063,4122,1,"GTG","G",5,3472.26921413504,3706.39864115495,2877.57423766589,2500.8615292022,0.828730164686472,0.674741648519196,0.751735906602834,0.108886324006735
"GGGGCACCAGGGGGCAGATACCAGACATTTGTG","GAPGGRYQTFV",3,1,5,"G",6349,6448,5962,4187,1,"GGC","C",5,3735.88158626391,3606.28616842721,2829.638397652,2540.29772507754,0.757421864776446,0.704408248939774,0.73091505685811,0.0374862872533291
"GGGGCACCAGGGACAAGATACCAGACATTTGAG","GAPGTRYQTFE",1,1,11,"E",6404,6688,5441,4944,1,"GAG","G",11,3768.24471230652,3740.51518214038,2582.36540114467,2999.57772934878,0.685296629677752,0.80191566757186,0.743606148624806,0.0824621125103743
"GGGGCACCAGGGACAAGATACCGCACATTTGTG","GAPGTRYRTFV",2,1,8,"R",4239,3986,10243,7120,1,"CGC","C",8,2494.31438717479,2229.32020275293,4861.4535570529,4319.78022511394,1.94901395832435,1.93771187278506,1.9433629155547,0.00799178132638129
"GGGGCACCAGGGACAAGATACCAGGCCTTTGTG","GAPGTRYQAFV",2,1,9,"A",6564,6834,5264,3605,1,"GCC","C",9,3862.39198806683,3822.17116548256,2498.35902805101,2187.19209431682,0.646842432298402,0.572238133673608,0.609540282986005,0.0527532054632579
"GGGGCACCAGGGACAAGATACCAGACACGCGTG","GAPGTRYQTRV",3,1,10,"R",5530,5234,8211,6866,1,"CGC","C",10,3253.96521846581,2927.31107406142,3897.04140944659,4165.67570584723,1.19762847719804,1.42303827658045,1.31033337688925,0.159388797689206
"GGGGCACCAGGGACAAGAGAGCAGACATTTGTG","GAPGTREQTFV",2,1,7,"E",4664,4900,9114,6514,1,"GAG","G",7,2744.39308841312,2740.50902997725,4325.61629590747,3952.11353741464,1.57616498677624,1.44210929217315,1.5091371394747,0.0947916907105142
"GGGGCACCAGGGACAAGATACCAGACATTTGCG","GAPGTRYQTFA",1,1,11,"A",6697,6947,4272,3146,1,"GCG","G",11,3940.65191104259,3885.37065943918,2027.54364890462,1908.71188036636,0.514519854753724,0.491256059632123,0.502887957192924,0.016449987286618
"GGGGCACCAGAGACAAGATACCAGACATTTGTG","GAPETRYQTFV",1,1,4,"E",6098,6418,5370,2716,1,"GAG","G",4,3588.18804741492,3589.50754171306,2548.66792945173,1647.82627688335,0.710293857449277,0.459067506540727,0.584680681995002,0.177643856340187
"GGGGCACCAGGGACAGGCTACCAGACATTTGTG","GAPGTGYQTFV",2,1,6,"G",6825,7250,4479,3886,1,"GGC","C",6,4015.96973165084,4054.83478925206,2125.78839031924,2357.67780263943,0.529333768022547,0.581448548505308,0.555391158263927,0.0368507146794082
"GGGGCACCAGGGACAAGATACCAGACATTTATG","GAPGTRYQTFM",1,1,11,"M",5556,5292,5990,4742,1,"ATG","G",11,3269.26415077686,2959.74975237543,2842.92754141823,2877.02216678235,0.869592486352831,0.972049128299887,0.920820807326359,0.0724477862983653
"AAGGCACCAGGGACAAGATACCAGACATTTGTG","KAPGTRYQTFV",2,1,1,"K",3739,4088,8736,7714,1,"AAG","G",1,2200.10415042381,2286.36753358102,4146.21285506338,4680.16638434395,1.88455299003217,2.04698777235244,1.9657703811923,0.114858736079221
"GGGGCACCAGGGCGCAGATACCAGACATTTGTG","GAPGRRYQTFV",3,1,5,"R",4445,4938,8523,5838,1,"CGC","C",5,2615.52900471619,2761.76195714851,4045.12043998457,3541.97710031112,1.5465783146318,1.28250629680198,1.41454230571689,0.186727114529083
"GGGTAGCCAGGGACAAGATACCAGACATTTGTG","G*PGTRYQTFV",3,1,2,"*",2425,2953,11839,8684,1,"TAG","G",2,1426.91964824224,1651.57615622915,5618.93475172794,5268.67576894515,3.93780740117333,3.19008950878445,3.56394845497889,0.528716392122695
"GGGGCACCAGGGACAAGATACCAGACATTTGTC","GAPGTRYQTFV",1,0,NA,"",5784,5438,5751,4805,1,"GTC","C",11,3403.42401873531,3041.40573571761,2729.49520712792,2915.24494124614,0.801985057431128,0.958518920054016,0.880251988742572,0.110686155745967
"GGGGCACCAGGGACAAGATAGCAGACATTTGTG","GAPGTR*QTFV",1,1,7,"*",2479,2786,10897,10201,1,"TAG","G",7,1458.69435381135,1558.17513418707,5171.84998644982,6189.05590960496,3.54553369795157,3.97198990910218,3.75876180352687,0.301550078783715
"GGGGCACCAGGGACAAGACGGCAGACATTTGTG","GAPGTRRQTFV",3,1,7,"R",4626,4295,7106,6112,1,"CGG","G",7,2722.03311042004,2402.14005790863,3372.59484295792,3708.21583369332,1.23899846406993,1.54371341566228,1.3913559398661,0.215466008599882
"GGGGCACCAGGCACAAGATACCAGACATTTGTG","GAPGTRYQTFV",1,0,NA,"",5690,5256,5132,4909,1,"GGC","C",4,3348.11249422612,2939.61540031846,2435.71020743879,2978.34285464668,0.727487565498236,1.01317432692863,0.870330946213431,0.202011046302652
"GGGGCACCAGGGACAAGCTACCAGACATTTGTG","GAPGTSYQTFV",1,1,6,"S",6200,6402,4369,2865,1,"AGC","C",6,3648.20693571212,3580.55894079885,2073.58103980905,1738.22617204374,0.568383613196628,0.485462242287772,0.5269229277422,0.0586342636749369
"GGGGCACCAGGGACGAGATACCAGACATTTGTG","GAPGTRYQTFV",1,0,NA,"",6014,5458,4653,4335,1,"ACG","G",5,3538.76072764076,3052.59148686038,2208.3709265808,2630.09090953215,0.624052061313875,0.861592820674878,0.742822440994377,0.167966681752367
"GGGGCACCAGGGACAAGATACCAGCGCTTTGTG","GAPGTRYQRFV",3,1,9,"R",3928,4836,7827,4680,1,"CGC","C",9,2311.31561991568,2704.71462632041,3714.79029493831,2839.40610302433,1.60721896348965,1.04979877558734,1.32850886953849,0.394155594836001
"GGGTGCCCAGGGACAAGATACCAGACATTTGTG","GCPGTRYQTFV",3,1,2,"C",5168,5878,5227,2999,1,"TGC","C",2,3040.9570070581,3287.49226085843,2480.79837378849,1819.52540661752,0.815795280245832,0.553469107222294,0.684632193734063,0.185492615827659
"GGGGCACCAGGGACAAGATACCAGAAGTTTGTG","GAPGTRYQKFV",2,1,9,"K",4707,4892,6354,4891,1,"AAG","G",9,2769.6951687737,2736.03472952015,3015.6864103792,2967.42206194274,1.08881527627259,1.08457031993273,1.08669279810266,0.00300163741375465
"GGGGCACCAGGGTTGAGATACCAGACATTTGTG","GAPGLRYQTFV",3,1,5,"L",4129,6685,5345,3343,1,"TTG","G",5,2429.58813508957,3738.83731946897,2536.8026225176,2028.23388940392,1.04412866768633,0.542477170333796,0.793302919010065,0.354721175570365
"GGGGCACCAGGGACATGCTACCAGACATTTGTG","GAPGTCYQTFV",2,1,6,"C",6557,5274,3734,3440,1,"TGC","C",6,3858.27304475232,2949.68257634695,1772.20224368208,2087.08482786404,0.459325253326089,0.707562516929806,0.583443885127947,0.175530252437381
"GGGGCACCAGGGACAAGATACCAGCAGTTTGTG","GAPGTRYQQFV",3,1,9,"Q",6136,5650,4401,3163,1,"CAG","G",9,3610.548025408,3159.97469783091,2088.76863268474,1919.02596236452,0.57851844594941,0.607291559543748,0.592905002746579,0.0203456637384078
"GGGGCACCAGGGACAAGATACCAGAACTTTGTG","GAPGTRYQNFV",2,1,9,"N",4975,5177,4133,3867,1,"AAC","C",9,2927.39185567223,2895.43168330454,1961.57254235084,2346.15029922972,0.670075151896738,0.810293785468311,0.740184468682525,0.0991495466471714
"GGGGCACCAGGGACAAGATACCAGACATTTTAG","GAPGTRYQTF*",2,1,11,"*",2133,2211,11019,8694,1,"TAG","G",11,1255.10086997967,1236.58478883259,5229.75268428839,5274.74287600289,4.16679870867518,4.26557315247469,4.21618593057494,0.069844079018561
"GGGGCACCAGGGACAAGATACCAGCCGTTTGTG","GAPGTRYQPFV",2,1,9,"P",5255,5649,4580,2751,1,"CCG","G",9,3092.14958825277,3159.41541027378,2173.72423033313,1669.06115158546,0.702981588792217,0.528281639115264,0.615631613953741,0.123531519089522
"GGGGCACCAGGGACAAGATACACGACATTTGTG","GAPGTRYTTFV",2,1,8,"T",3800,3413,8005,5126,1,"ACG","G",8,2235.99779930743,1908.84843251273,3799.27128030933,3109.99907779973,1.69913909641866,1.62925407006037,1.66419658323952,0.0494161760413432
"GGGGCACCAGGGACAAGATACCAGACCTTTGTG","GAPGTRYQTFV",1,0,NA,"",4528,4902,5603,4249,1,"ACC","C",9,2664.36790401685,2741.62760509153,2659.25259007785,2577.91378883555,0.998080102251911,0.940285903179578,0.969183002715745,0.0408666700772923
"GGGGCACCATTGACAAGATACCAGACATTTGTG","GAPLTRYQTFV",2,1,4,"L",4676,4487,5459,3542,1,"TTG","G",4,2751.45413409514,2509.52326887917,2590.90842213725,2148.96931985303,0.941650594873284,0.856325719909672,0.898988157391478,0.0603337976906637
"GGGGCACCAGGGACAAGATACCAGACACCGGTG","GAPGTRYQTPV",3,1,10,"P",3673,4168,6252,5336,1,"CCG","G",10,2161.26839917268,2331.11053815208,2967.27595808794,3237.40832601236,1.3729326534473,1.38878370331538,1.38085817838134,0.0112083848506492
"GGGGCACCAGGGACAAGATACCCGACATTTGTG","GAPGTRYPTFV",1,1,8,"P",4655,4748,4625,3529,1,"CCG","G",8,2739.0973041516,2655.49732129225,2195.08178281457,2141.08208067796,0.801388756612453,0.806282899820832,0.803835828216643,0.00346068185074272
"GGGGGCCCAGGGACAAGATACCAGACATTTGTG","GGPGTRYQTFV",2,1,2,"G",4008,4387,5691,4036,1,"GGC","C",2,2358.38925779584,2453.59451316535,2701.018470486,2448.6844085056,1.14528102668276,0.997998811688971,1.07163991918586,0.10414425297028
"GGGGCACCAGGGACAAGATACGTCACATTTGTG","GAPGTRYVTFV",3,1,8,"V",3669,3418,6847,5687,1,"GTC","C",8,2158.91471727867,1911.64487029842,3249.6702631203,3450.36378373918,1.50523327165815,1.80491880963254,1.65507604064535,0.211909676125235
"GGGGACCCAGGGACAAGATACCAGACATTTGTG","GDPGTRYQTFV",2,1,2,"D",5212,4201,3812,2531,1,"GAC","C",2,3066.84750789219,2349.56702753764,1809.22200131657,1535.58479631508,0.589928907994526,0.653560753244134,0.62174483061933,0.0449945092754106
"GGGGTCCCAGGGACAAGATACCAGACATTTGTG","GVPGTRYQTFV",2,1,2,"V",4686,5606,4515,3056,1,"GTC","C",2,2757.33833883016,3135.36604531683,2142.87443230439,1854.10791684666,0.777153243084972,0.591352936163885,0.684253089624429,0.131380656970443
"GGGGCACCAGGGGCCAGATACCAGACATTTGTG","GAPGARYQTFV",2,1,5,"A",2537,2688,7829,7444,1,"GCC","C",5,1492.82274127446,1503.36495358752,3715.73951949304,4516.35449378486,2.48906947674231,3.00416374813538,2.74661661243884,0.364226652252382
"GGGGCACCAGGGACACAGTACCAGACATTTGTG","GAPGTQYQTFV",3,1,6,"Q",4834,5813,2753,1860,1,"CAG","G",6,2844.42456890845,3251.13856964444,1306.60759958671,1128.48191274044,0.459357443986683,0.347103603419726,0.403230523703204,0.0793754518791288
"GGGGCACCAGGGACAAGATACTGCACATTTGTG","GAPGTRYCTFV",3,1,8,"C",4845,4276,3732,3799,1,"TGC","C",8,2850.89719411697,2391.51359432301,1771.25301912735,2304.89397123706,0.621296700134419,0.963780417852708,0.792538558993563,0.242172559244581
"GGGGCACCAGGGACAAGATACTCGACATTTGTG","GAPGTRYSTFV",2,1,8,"S",3752,5359,4063,3192,1,"TCG","G",8,2207.75361657934,2997.22201870369,1928.34968293527,1936.62057283198,0.873444241447118,0.646138511176951,0.759791376312034,0.160729423276595
"TTGGCACCAGGGACAAGATACCAGACATTTGTG","LAPGTRYQTFV",2,1,1,"L",3497,5183,5251,3793,1,"TTG","G",1,2057.70639583634,2898.78740864737,2492.18906844526,2301.25370700241,1.21114901206901,0.793867704867748,1.00250835846838,0.295062441984399
"GGGGCACCAGGGACAGTCTACCAGACATTTGTG","GAPGTVYQTFV",3,1,6,"V",4855,4963,2774,2708,1,"GTC","C",6,2856.78139885199,2775.74414607696,1316.57445741138,1642.97259123716,0.460859363597246,0.591903469762952,0.526381416680099,0.0926621761043006
"GGGGCACCAGGGACAAGATACCAGACATTTTGC","GAPGTRYQTFC",3,1,11,"C",4654,4848,4032,2148,1,"TGC","C",11,2738.5088836781,2711.42607700607,1913.63670233694,1303.21459600348,0.698787838061249,0.480638069780045,0.589712953920647,0.154255180465913
"GGGGCACCAGGGACAAGAGACCAGACATTTGTG","GAPGTRDQTFV",1,1,7,"D",4544,3740,3472,4198,1,"GAC","C",7,2673.78263159288,2091.73546369692,1647.85382701237,2546.97154284106,0.616300595097617,1.21763558874675,0.916968091922183,0.42520805177407
"GGGGCACCAGCGACAAGATACCAGACATTTGTG","GAPATRYQTFV",1,1,4,"A",3768,4054,4363,4312,1,"GCG","G",4,2217.16834415537,2267.35175663832,2070.73336614486,2616.13656329934,0.933954055227011,1.15382915581574,1.04389160552138,0.155475174640367
"GGGGCACCAGGGACAAGATACCAGACATCCGTG","GAPGTRYQTSV",2,1,10,"S",4475,4271,3093,2559,1,"TCC","C",10,2633.18161892125,2388.71715653732,1467.97577389091,1552.57269607677,0.557491273424698,0.649960876208289,0.603726074816493,0.0653858831819036
"GGGGCACCAGGGACAAGATACCAGACATACGTG","GAPGTRYQTYV",2,1,10,"Y",4715,4521,3659,2579,1,"TAC","C",10,2774.40253256172,2528.53904582187,1736.60632287968,1564.70691019225,0.625938847192517,0.618818567495629,0.622378707344073,0.0050347980576144
"CTGGCACCAGGGACAAGATACCAGACATTTGTG","LAPGTRYQTFV",2,1,1,"L",3677,4025,4596,3370,1,"CTG","G",1,2163.62208106669,2251.13241748132,2181.31802677098,2044.61507845983,1.0081788524249,0.90826068807958,0.958219770252238,0.0706528115722848
"GGGGCACCAGGGACAAGATACCAGACATTTCGC","GAPGTRYQTFR",3,1,11,"R",2783,3537,6009,6124,1,"CGC","C",11,1637.57417775594,1978.20008959787,2851.94517468817,3715.49636216261,1.74156701627791,1.87822070259733,1.80989385943762,0.0966287482706011
"GGGCGCCCAGGGACAAGATACCAGACATTTGTG","GRPGTRYQTFV",3,1,2,"R",4452,4348,3370,3457,1,"CGC","C",2,2619.6479480307,2431.78229843696,1599.44337472111,2097.3989098622,0.61055661159488,0.862494521491631,0.736525566543255,0.178147004525958
"GGGATGCCAGGGACAAGATACCAGACATTTGTG","GMPGTRYQTFV",3,1,2,"M",4436,3521,4305,2588,1,"ATG","G",2,2610.23322045467,1969.25148868366,2043.20585405767,1570.16730654422,0.782767546610939,0.797342196041097,0.790054871326018,0.0103058334454812
"GGGGCACCAATGACAAGATACCAGACATTTGTG","GAPMTRYQTFV",2,1,4,"M",3509,3027,4824,5073,1,"ATG","G",4,2064.76744151836,1692.96343545738,2289.52962601027,3077.84341039368,1.10885593213666,1.81802119640119,1.46343856426892,0.501455567343395
"GGGGCACCAGGGACAAGAAGGCAGACATTTGTG","GAPGTRRQTFV",3,1,7,"R",3541,2985,5277,3674,1,"AGG","G",7,2083.59689667042,1669.47335805757,2504.52898765676,2229.05513301526,1.20202184580855,1.33518460912054,1.26860322746455,0.0941602929394441
"GGGGCACCAGGGACAAGATACCAGACATTTTCG","GAPGTRYQTFS",2,1,11,"S",4597,3881,2434,2000,1,"TCG","G",11,2704.96891668849,2170.59500925341,1155.20628310717,1213.42141154886,0.427068228392589,0.559027089980375,0.493047659186482,0.0933090058663804
"GGGTTGCCAGGGACAAGATACCAGACATTTGTG","GLPGTRYQTFV",3,1,2,"L",2985,3202,4941,4723,1,"TTG","G",2,1756.43511340334,1790.83875795656,2345.05926246201,2865.49466337263,1.33512433483417,1.60008523974671,1.46760478729044,0.18735565261298
"GGGGCACCAGGGACACGCTACCAGACATTTGTG","GAPGTRYQTFV",2,0,NA,"",4064,4683,2629,2724,1,"CGC","C",6,2391.34080431195,2619.14363007826,1247.75567719341,1652.67996252955,0.521780782958045,0.631000126739962,0.576390454849004,0.0772297386249381
"GGGGCACCAGGGACAAGATACCAGACATTTACG","GAPGTRYQTFT",2,1,11,"T",3495,4034,3625,2793,1,"ACG","G",11,2056.52955488933,2256.16600549556,1720.46950544926,1694.54300122798,0.836588757676203,0.751071949980818,0.79383035382851,0.0604695146268325
"GGGGCACCAGGGAGCAGATACCAGACATTTGTG","GAPGSRYQTFV",2,1,5,"S",4434,4441,2273,2148,1,"AGC","C",5,2609.05637950767,2483.79604125081,1078.79370645136,1303.21459600348,0.413480411893179,0.524686638661035,0.469083525277107,0.0786346770577202
"GGGGCACCAGGGACAAGATACGACACATTTGTG","GAPGTRYDTFV",2,1,8,"D",4013,4463,1931,1508,1,"GAC","C",8,2361.33136016335,2496.10036750785,916.47630759242,914.91974430784,0.388118467002879,0.36653964568793,0.377329056345404,0.0152585308818132
"GGGGCACCAGGGACAAGATACCAGACAAACGTG","GAPGTRYQTNV",3,1,10,"N",3039,3593,3530,2975,1,"AAC","C",10,1788.20981897244,2009.52019279761,1675.38133909956,1804.96434967893,0.936904227526432,0.898206624719755,0.917555426123093,0.0273633373602652
"GGGGCACCAGGGACAAGATACCAGACAATCGTG","GAPGTRYQTIV",2,1,10,"I",3722,4777,2782,3240,1,"ATC","C",10,2190.10100237428,2671.71666044925,1320.3713556303,1965.74268670915,0.602881490031233,0.735760163421899,0.669320826726566,0.0939594110296121
"ATGGCACCAGGGACAAGATACCAGACATTTGTG","MAPGTRYQTFV",2,1,1,"M",2945,3608,5222,3100,1,"ATG","G",1,1732.89829446326,2017.90950615468,2478.42531240167,1880.80318790073,1.43021971936866,0.9320552691606,1.18113749426463,0.352255460888186
"GGGGCACCAGGGGTCAGATACCAGACATTTGTG","GAPGVRYQTFV",3,1,5,"V",3669,3457,3526,3795,1,"GTC","C",5,2158.91471727867,1933.45708502681,1673.48288999009,2302.46712841396,0.775150068039525,1.19085504728544,0.98300255766248,0.293947809797796
"GGGGCACCAGGGTCCAGATACCAGACATTTGTG","GAPGSRYQTFV",2,1,5,"S",2801,2622,5858,4711,1,"TCC","C",5,1648.16574627898,1466.4519748164,2780.27872080601,2858.21413490334,1.68689267270781,1.94906767080537,1.81798017175659,0.185385719012356
"GGGGCACCAGGGGAGAGATACCAGACATTTGTG","GAPGERYQTFV",3,1,5,"E",3565,4184,3110,2223,1,"GAG","G",5,2097.71898803447,2340.05913906629,1476.04418260612,1348.71789893656,0.703642475958687,0.576360604063498,0.640001540011092,0.0900018747392051
"TGCGCACCAGGGACAAGATACCAGACATTTGTG","CAPGTRYQTFV",2,1,1,"C",3372,3230,4273,3214,1,"TGC","C",1,1984.15383664859,1806.49880955643,2028.01826118198,1949.96820835902,1.02210737077095,1.07941848510701,1.05076292793898,0.0405250775843841
"GGGGCACCAGGGGACAGATACCAGACATTTGTG","GAPGDRYQTFV",3,1,5,"D",3432,3915,3213,2709,1,"GAC","C",5,2019.45906505871,2189.61078619611,1524.92924717475,1643.57930194293,0.755117681541329,0.750626235632602,0.752871958586965,0.00317593185939278
"GGGCAGCCAGGGACAAGATACCAGACATTTGTG","GQPGTRYQTFV",3,1,2,"Q",3915,4298,2593,2097,1,"CAG","G",2,2303.66615376015,2403.81792058005,1230.66963520826,1272.27235000898,0.534222214967867,0.529271513918149,0.531746864443008,0.00350067428388324
"GGGGCACCAGGGATGAGATACCAGACATTTGTG","GAPGMRYQTFV",2,1,5,"M",2903,3524,3853,3374,1,"ATG","G",5,1708.18463457618,1970.92935135507,1828.68110468855,2047.04192128293,1.07054065917311,1.03861760436797,1.05457913177054,0.0225730085289
"GGGGCACCAGGGACAAGAGTCCAGACATTTGTG","GAPGTRVQTFV",2,1,7,"V",3683,3813,2293,2126,1,"GTC","C",7,2167.1526039077,2132.56345536801,1088.28595199866,1289.86696047644,0.502173197234159,0.604843413793681,0.55350830551392,0.0725988063551292
"GGGGCACCAGGGACACTGTACCAGACATTTGTG","GAPGTLYQTFV",3,1,6,"L",4312,3691,2522,1479,1,"CTG","G",6,2537.26908174043,2064.33037339715,1196.97216351532,897.325133840382,0.471756098763582,0.434680972292097,0.453218535527839,0.0262160733413356
"GCCGCACCAGGGACAAGATACCAGACATTTGTG","AAPGTRYQTFV",2,1,1,"A",3798,2591,3390,1812,1,"GCC","C",1,2234.82095836043,1449.11406054512,1608.93562026841,1099.35979886327,0.719939382280004,0.75864269680036,0.739291039540182,0.0273673761517395
"GGGGCACCAGGGACAAGATACCAGACATTTAAG","GAPGTRYQTFK",2,1,11,"K",2694,2409,4165,3338,1,"AAG","G",11,1585.20475561427,1347.32372514596,1976.76013522653,2025.20033587505,1.2470061853054,1.50312823716932,1.37506721123736,0.181105639684388
"GGGAGCCCAGGGACAAGATACCAGACATTTGTG","GSPGTRYQTFV",3,1,2,"S",3662,2853,3344,1754,1,"AGC","C",2,2154.79577396416,1595.64740051533,1587.10345550961,1064.17057792835,0.736544722560796,0.666920885895385,0.70173280422809,0.049231487038337
"GGGGCACCAGGGACAAGATACCAGACATTTAGC","GAPGTRYQTFS",3,1,11,"S",3648,3313,2803,2195,1,"AGC","C",11,2146.55788733513,1852.91967679891,1330.33821345497,1331.72999917487,0.619754175419204,0.718719767429726,0.669236971424465,0.0699792412147814
"GGGGCACCAGGGACAAGATACCAGACATTTCTG","GAPGTRYQTFL",1,1,11,"L",2652,2948,3346,2260,1,"CTG","G",11,1560.49109572718,1648.77971844346,1588.05268006434,1371.16619505021,1.01766212214387,0.831624855468668,0.924643488806268,0.131548212819445
"GGGGCACCAGGGACAAGATACCAGTTCTTTGTG","GAPGTRYQFFV",3,1,9,"F",2460,1849,5398,3300,1,"TTC","C",9,1447.51436481481,1034.12269314856,2561.95707321796,2002.14532905562,1.76990096643755,1.93608103015296,1.85299099829525,0.117507049951183
"GGGGCACCAGGGCAGAGATACCAGACATTTGTG","GAPGQRYQTFV",3,1,5,"Q",3334,3295,3151,1756,1,"CAG","G",5,1961.79385865552,1842.85250077042,1495.5032859781,1065.3839993399,0.762314184734486,0.578116804733155,0.67021549473382,0.130247216475736
"GGGAAGCCAGGGACAAGATACCAGACATTTGTG","GKPGTRYQTFV",3,1,2,"K",2919,2730,2965,2912,1,"AAG","G",2,1717.59936215221,1526.85503098733,1407.22540238815,1766.74157521514,0.819297813795678,1.15711153931404,0.988204676554861,0.238870376091928
"GGGGCCCCAGGGACAAGATACCAGACATTTGTG","GAPGTRYQTFV",1,0,NA,"",2719,3783,3811,2549,1,"GCC","C",2,1599.91526745182,2115.78482865387,1808.74738903921,1546.50558901902,1.13052698841983,0.730937082105348,0.930732035262589,0.282552732448668
"GGGGCACCAGGGACAAGATACAGCACATTTGTG","GAPGTRYSTFV",3,1,8,"S",2941,2882,2675,2088,1,"AGC","C",8,1730.54461256925,1611.86673967234,1269.58784195221,1266.81195365701,0.733634852711091,0.785928465720764,0.759781659215928,0.0369771683718852
"GGGGCACCAGGGACAAGATTGCAGACATTTGTG","GAPGTRLQTFV",2,1,7,"L",3057,2912,2907,1727,1,"TTG","G",7,1798.80138749548,1628.64536638648,1379.69789030097,1047.78938887244,0.767009576427979,0.643350240941156,0.705179908684567,0.0874403546797547
"GGGGCACCAGGGACAAGATACCAGACACTCGTG","GAPGTRYQTLV",2,1,10,"L",2693,3546,2321,1856,1,"CTC","C",10,1584.61633514076,1983.23367761211,1101.57509576489,1126.05506991734,0.695168332760521,0.567787388157484,0.631477860459002,0.0900719297227553
"GGGGCACCAGGGACAAGATACCAGACATTTGAC","GAPGTRYQTFD",2,1,11,"D",2823,2397,2187,2200,1,"GAC","C",11,1661.11099669602,1340.6122744603,1037.97705059794,1334.76355270375,0.62486917049041,0.995637275692623,0.810253223091517,0.262172641436172
"GGGGCACCAGGGACAAGATACCAGACATTTCTC","GAPGTRYQTFL",2,1,11,"L",2056,1563,3639,3677,1,"CTC","C",11,1209.79249352002,874.16645180703,1727.11407733238,2230.87526513258,1.42761183143661,2.55200283712677,1.98980733428169,0.795064504828673
"GGGGCACCAGGGACAAGAAAGCAGACATTTGTG","GAPGTRKQTFV",2,1,7,"K",1908,1993,4157,2894,1,"AAG","G",7,1122.70626344173,1114.66010137646,1972.96323700761,1755.8207825112,1.75732807525217,1.57520734826965,1.66626771176091,0.128778801043959
"CCGGCACCAGGGACAAGATACCAGACATTTGTG","PAPGTRYQTFV",2,1,1,"P",2644,2719,1975,1831,1,"CCG","G",1,1555.78373193917,1520.70286785881,937.359247796494,1110.88730227298,0.6024997103088,0.730509112432426,0.666504411370613,0.0905163162972509
"GGGGCACCAGGGACAAGATACCAGACACACGTG","GAPGTRYQTHV",3,1,10,"H",2835,2550,2427,2137,1,"CAC","C",10,1668.17204237804,1426.18327070245,1151.88399716562,1296.54077823996,0.690506715076918,0.909098293939012,0.799802504507965,0.154567587723661
"TCGGCACCAGGGACAAGATACCAGACATTTGTG","SAPGTRYQTFV",2,1,1,"S",2686,2631,2355,1698,1,"TCG","G",1,1580.49739182625,1471.48556283064,1117.71191319531,1030.19477840498,0.707189976380667,0.700105257181887,0.703647616781277,0.00500965298825999
"GGGGCACCAGGGACCAGATACCAGACATTTGTG","GAPGTRYQTFV",1,0,NA,"",2902,2167,1854,2137,1,"ACC","C",5,1707.59621410267,1211.97613631851,879.931162235291,1296.54077823996,0.515304001594831,1.06977418068504,0.792539091139935,0.392069623600406
"GGGGCACCATAGACAAGATACCAGACATTTGTG","GAP*TRYQTFV",2,1,4,"*",1175,1334,4839,4265,1,"TAG","G",4,691.394056364797,746.089601222379,2296.64881017075,2587.62116012794,3.32176533632071,3.4682445056042,3.39500492096245,0.103576413902926
"CAGGCACCAGGGACAAGATACCAGACATTTGTG","QAPGTRYQTFV",2,1,1,"Q",2537,2918,1654,1616,1,"CAG","G",1,1492.82274127446,1632.00109172931,785.008706762228,980.444500531479,0.525855270728289,0.600762159719252,0.563308715223771,0.0529671691630978
"GGGCCGCCAGGGACAAGATACCAGACATTTGTG","GPPGTRYQTFV",2,1,2,"P",3384,2114,1920,1324,1,"CCG","G",2,1991.21488233062,1182.33389579019,911.255572541402,803.284974445345,0.457637988058237,0.679406195919375,0.568522091988806,0.156813803630199
"GGGGCACCAGGGACAAGATACATCACATTTGTG","GAPGTRYITFV",3,1,8,"I",1545,1733,5058,2806,1,"ATC","C",8,909.10963156052,969.245336520527,2400.58889891375,1702.43024040305,2.64059340653234,1.75644924587883,2.19852132620558,0.625184331544586
"GGGGCACCAGGGACAAGATACCAGCACTTTGTG","GAPGTRYQHFV",3,1,9,"H",2294,2725,2671,1629,1,"CAC","C",9,1349.83656621348,1524.05859320164,1267.68939284275,988.331739706546,0.939142874458373,0.648486707870153,0.793814791164263,0.205524946388217
"GGGGCACCAGGGACACCGTACCAGACATTTGTG","GAPGTPYQTFV",3,1,6,"P",3238,2618,1594,1505,1,"CCG","G",6,1905.30549319933,1464.21482458785,756.531970120309,913.099612190517,0.397065968066866,0.623610413483923,0.510338190775394,0.160191113594547
"GGGGCACCAGGGTTCAGATACCAGACATTTGTG","GAPGFRYQTFV",3,1,5,"F",1611,2505,3364,2945,1,"TTC","C",5,947.94538281165,1401.01533063123,1596.59570105691,1786.7630285057,1.68426971638528,1.27533438745504,1.47980205192016,0.289160944153326
"ACGGCACCAGGGACAAGATACCAGACATTTGTG","TAPGTRYQTFV",2,1,1,"T",2748,2796,1966,1536,1,"ACG","G",1,1616.97946118337,1563.76800975845,933.087737300206,931.907644069524,0.577056023097123,0.595937273466461,0.586496648281792,0.0133510601734396
"CGCGCACCAGGGACAAGATACCAGACATTTGTG","RAPGTRYQTFV",2,1,1,"R",1411,2087,2983,2927,1,"CGC","C",1,830.261288111259,1167.23313174745,1415.76842338073,1775.84223580176,1.7052082803974,1.52141177927597,1.61331002983668,0.129963752301325
"GGGTCGCCAGGGACAAGATACCAGACATTTGTG","GSPGTRYQTFV",2,1,2,"S",1978,2143,3609,1924,1,"TCG","G",2,1163.89569658687,1198.55323494719,1712.87570901142,1167.31139791,1.47167457877406,0.973933709303644,1.22280414403885,0.351955944076218
"GGGGCACCAGGGACAAGATACCAGACAACCGTG","GAPGTRYQTTV",3,1,10,"T",2117,2633,2163,1798,1,"ACC","C",10,1245.68614240364,1472.60413794492,1026.58635594117,1090.86584898242,0.824113170240702,0.740773315023257,0.78244324263198,0.0589301767673597
"GGGGCACCAGGGAACAGATACCAGACATTTGTG","GAPGNRYQTFV",2,1,5,"N",2218,2105,2628,2052,1,"AAC","C",5,1305.11661022734,1177.30030777594,1247.28106491604,1244.97036824913,0.955685534259488,1.05747901366052,1.00658227396,0.0719788595650426
"GGGGCACCAGGGACAGACTACCAGACATTTGTG","GAPGTDYQTFV",3,1,6,"D",2736,2836,1815,891,1,"GAC","C",6,1609.91841550135,1586.13951204398,861.421283418044,540.579238845017,0.535071389409373,0.340814433245156,0.437942911327265,0.137360410996376
"GGGGCACCAGGGAAGAGATACCAGACATTTGTG","GAPGKRYQTFV",2,1,5,"K",2776,2155,2217,2270,1,"AAG","G",5,1633.45523444143,1205.26468563285,1052.2154189189,1377.23330210796,0.64416544557385,1.14268120399197,0.893423324782912,0.35250387330581
"GGGGCACCAGGGACAAGATACCAGCTCTTTGTG","GAPGTRYQLFV",3,1,9,"L",1987,1485,2950,2805,1,"CTC","C",9,1169.19148084838,830.542022350249,1400.10621822767,1701.82352969728,1.19749950385521,2.04905168420195,1.62327559402858,0.602138321257376
"GGGGCACCAGGGACAAGAAGCCAGACATTTGTG","GAPGTRSQTFV",2,1,7,"S",2158,2999,2211,1378,1,"AGC","C",7,1269.81138181722,1677.30338385751,1049.36774525471,836.047352557164,0.826396550134056,0.498447305719017,0.662421927926536,0.231895134610878
"GTCGCACCAGGGACAAGATACCAGACATTTGTG","VAPGTRYQTFV",2,1,1,"V",1665,2797,3074,1929,1,"GTC","C",1,979.720088380755,1564.32729731559,1458.95814062097,1170.34495143888,1.48915813600626,0.74814583460073,1.1186519853035,0.523974823266499
"GGGGCACCAGGGACAAGAATGCAGACATTTGTG","GAPGTRMQTFV",3,1,7,"M",1856,1889,2482,2594,1,"ATG","G",7,1092.10839881963,1056.49419543409,1177.98767242071,1573.80757077887,1.07863621751641,1.48965093947557,1.28414357849599,0.290631297064822
"AGCGCACCAGGGACAAGATACCAGACATTTGTG","SAPGTRYQTFV",2,1,1,"S",2268,2281,2281,1799,1,"AGC","C",1,1334.53763390243,1275.73491783227,1082.59060467028,1091.4725596882,0.811210247780413,0.855563757353943,0.833387002567178,0.0313626673888654
"GGGGCACCAGGGACAAGACGCCAGACATTTGTG","GAPGTRRQTFV",2,1,7,"R",1814,1974,2776,2508,1,"CGC","C",7,1067.39473893255,1104.03363779084,1317.52368196611,1521.63045008227,1.23433593394296,1.37824645735165,1.3062911956473,0.101760106986385
"GGGGCACCAGGGACAAGATACCAGACATTTGCC","GAPGTRYQTFA",2,1,11,"A",2528,2872,2154,1003,1,"GCC","C",11,1487.52695701294,1606.27386410095,1022.31484544488,608.530837891753,0.687258029594142,0.378846254983021,0.533052142288582,0.2180800572253
"GGGGCACCAGGGTAGAGATACCAGACATTTGTG","GAPG*RYQTFV",3,1,5,"*",1497,1747,3044,2875,1,"TAG","G",5,880.865448832427,977.075362320462,1444.71977230001,1744.29327910149,1.64011401992775,1.78521877264304,1.71266639628539,0.102604554627376
"GGGGCACCAGGGTACAGATACCAGACATTTGTG","GAPGYRYQTFV",3,1,5,"Y",2326,2005,2387,1374,1,"TAC","C",5,1368.66602136555,1121.37155206212,1132.899506071,833.620509734067,0.827739922220532,0.743393666622895,0.785566794421713,0.0596418093007829
"GGGGCACCAGGGACAAGATACCAGACATTTCAG","GAPGTRYQTFQ",2,1,11,"Q",2182,2750,1470,1883,1,"CAG","G",11,1283.93347318127,1538.04078213009,697.680047727011,1142.43625897325,0.543392677502468,0.742786714271027,0.643089695886747,0.140992875527208
"GGGGCACCAAAGACAAGATACCAGACATTTGTG","GAPKTRYQTFV",2,1,4,"K",2346,2021,2440,1086,1,"AAG","G",4,1380.43443083559,1130.32015297633,1158.05395677136,658.887826471031,0.838905442303686,0.582921418092089,0.710913430197887,0.181008039395441
"GGGGCACCAGGGACAAGATTCCAGACATTTGTG","GAPGTRFQTFV",1,1,7,"F",2150,2395,1681,1617,1,"TTC","C",7,1265.1040180292,1339.49369934603,797.823238251092,981.051211237253,0.630638450974136,0.732404498592436,0.681521474783286,0.0719594623654535
"GGGGCACCAGGGACATTCTACCAGACATTTGTG","GAPGTFYQTFV",3,1,6,"F",2237,1827,1094,1620,1,"TTC","C",6,1316.29659922387,1021.81836689152,519.225831437653,982.871343354576,0.394459601083679,0.961884592410074,0.678172096746877,0.401230059181612
"GGGGCACCAGGGACAAGATACCAGACATTTATC","GAPGTRYQTFI",2,1,11,"I",1631,1527,2179,1906,1,"ATC","C",11,959.713792281689,854.032099750054,1034.18015237902,1156.39060520606,1.07759225791711,1.35403646484072,1.21581436137892,0.195475573335423
"GGGGCACCAGGGACAAGATCGCAGACATTTGTG","GAPGTRSQTFV",2,1,7,"S",1497,1763,2067,1725,1,"TCG","G",7,880.865448832427,986.023963234673,981.023577314103,1046.57596746089,1.11370423100876,1.06141027650847,1.08755725375861,0.0369774098422151
"GGGGCACCAGGGCTGAGATACCAGACATTTGTG","GAPGLRYQTFV",3,1,5,"L",1916,2154,2301,1164,1,"CTG","G",5,1127.41362722975,1204.70539807572,1092.08285021759,706.211261521436,0.968662098666508,0.586210755467248,0.777436427066878,0.270433938250101
"GGGGCACCAGGGACAAGATACCAGTACTTTGTG","GAPGTRYQYFV",3,1,9,"Y",2037,2067,1938,1421,1,"TAC","C",9,1198.61250452348,1156.04738060469,919.798593533977,862.135912905465,0.767386115248022,0.74576174590224,0.756573930575131,0.0152907382032852
"GGGGCACCATCGACAAGATACCAGACATTTGTG","GAPSTRYQTFV",2,1,4,"S",2362,1849,1395,1486,1,"TCG","G",4,1389.84915841162,1034.12269314856,662.084126924612,901.572108780803,0.4763712111617,0.871823154790091,0.674097182975896,0.279626750973036
"GGGGCACCAAGCACAAGATACCAGACATTTGTG","GAPSTRYQTFV",2,1,4,"S",1579,2050,2228,974,1,"AGC","C",4,929.115927659587,1146.53949213334,1057.43615396992,590.936227424295,1.13811002748986,0.515408524066408,0.826759275778133,0.44031645572578
"GGGGCACCAGGGACATACTACCAGACATTTGTG","GAPGTYYQTFV",3,1,6,"Y",1602,1652,2859,924,1,"TAC","C",6,942.649598550132,923.943044392331,1356.91650098743,560.600692135573,1.43947072493796,0.606748105890309,1.02310941541413,0.588823810776012
"GGGGCACCAGGGACAGCCTACCAGACATTTGTG","GAPGTAYQTFV",3,1,6,"A",2587,2320,1017,971,1,"GCC","C",6,1522.24376494956,1297.54713256066,482.680686080524,589.116095306971,0.317085014367931,0.454022887125783,0.385553950746857,0.0968296984283378
"GGGGCACCAGGGACAAGATACCAGTCCTTTGTG","GAPGTRYQSFV",2,1,9,"S",2184,2157,1560,762,1,"TCC","C",9,1285.11031412827,1206.38326074713,740.395152689889,462.313557800116,0.576133538537602,0.383222789011345,0.479678163774473,0.136408499153796
"GGGCTGCCAGGGACAAGATACCAGACATTTGTG","GLPGTRYQTFV",3,1,2,"L",2388,2073,1439,1235,1,"CTG","G",2,1405.14809072267,1159.40310594752,682.967067128686,749.287721631421,0.486046326104628,0.646270238356026,0.566158282230327,0.113295414861202
"GACGCACCAGGGACAAGATACCAGACATTTGTG","DAPGTRYQTFV",2,1,1,"D",2089,2511,1851,1263,1,"GAC","C",1,1229.21036914558,1404.37105597406,878.507325403195,766.275621393105,0.714692413483169,0.545636153731197,0.630164283607183,0.119540827672654
"GGGGCACCAGGGATCAGATACCAGACATTTGTG","GAPGIRYQTFV",2,1,5,"I",1844,1300,1662,1923,1,"ATC","C",5,1085.04735313761,727.07382427968,788.805604981151,1166.70468720423,0.726978046349941,1.60465780536123,1.16581792585559,0.620613309307059
"GGGGCACCAGGGACAAGATACCAGACATTTTTC","GAPGTRYQTFF",2,1,11,"F",1792,1952,1564,1241,1,"TTC","C",11,1054.4494885155,1091.7293115338,742.29360179935,752.927985866067,0.703963167400632,0.689665449037236,0.696814308218934,0.010110013610253
"GGGGCACCACAGACAAGATACCAGACATTTGTG","GAPQTRYQTFV",2,1,4,"Q",1872,1893,1285,730,1,"CAG","G",4,1101.52312639566,1058.73134566264,609.876776414428,442.898815215334,0.553666792643774,0.418329746285288,0.485998269464531,0.095697743225844
"GGGGCACCAGGGACAAGATACCAGACATTTCCG","GAPGTRYQTFP",2,1,11,"P",2105,1751,1184,888,1,"CCG","G",11,1238.62509672162,979.312512549015,561.940936400531,538.759106727694,0.453681213054598,0.550140123631606,0.501910668343102,0.0682067497748694
"GGGGCACCAGGGACAAGATACTACACATTTGTG","GAPGTRYYTFV",2,1,8,"Y",1228,1832,2282,1680,1,"TAC","C",8,722.580341460401,1024.61480467721,1083.06521694765,1019.27398570104,1.49888552843642,0.994787486036911,1.24683650723667,0.35645114416356
"GGGGCACCAGGGACAAGATACCAGCCCTTTGTG","GAPGTRYQPFV",2,1,9,"P",1622,1691,2164,1210,1,"CCC","C",9,954.418008020171,945.755259120722,1027.06096821854,734.11995398706,1.07611231094545,0.776226139804476,0.926169225374962,0.212051545197851
"GGGGCACCACGCACAAGATACCAGACATTTGTG","GAPRTRYQTFV",2,1,4,"R",1311,1178,1781,1543,1,"CGC","C",4,771.419240761063,658.840742308817,845.284465987623,936.154619009945,1.09575237604093,1.42091185151865,1.25833211377979,0.229922470077361
"GGGGCACCAGGGACAAGATACGCCACATTTGTG","GAPGTRYATFV",3,1,8,"A",1696,1810,981,980,1,"GCC","C",8,997.961123059316,1012.31047842017,465.594644095372,594.576491658941,0.46654587371907,0.58734598162695,0.52694592767301,0.0854185754697286
"GGGGCACCAGGGACAAGAGCCCAGACATTTGTG","GAPGTRAQTFV",2,1,7,"A",1662,1401,1345,1083,1,"GCC","C",7,977.954826960249,783.561867550639,638.353513056346,657.067694353708,0.652743353228823,0.838565174703634,0.745654263966228,0.131395870057275
"GGGGCACCATGCACAAGATACCAGACATTTGTG","GAPCTRYQTFV",2,1,4,"C",1244,1936,1521,1031,1,"TGC","C",4,731.995069036432,1082.78071061958,721.885273872642,625.518737653437,0.986188711384219,0.57769660238545,0.781942656884835,0.288847540334224
"GGGGCACCAGGGACAAGATACCAGACATTTAAC","GAPGTRYQTFN",3,1,11,"N",1251,1669,1238,1114,1,"AAC","C",11,736.114012350946,933.450932863681,587.569999378258,675.875726232715,0.79820515507064,0.724061332457223,0.761133243763932,0.0524275997530397
"GGGGCACCAGGGACAAGATACCAGACACCCGTG","GAPGTRYQTPV",3,1,10,"P",954,1514,1594,1162,1,"CCC","C",10,561.353131720865,846.761361507258,756.531970120309,704.997840109888,1.34769350587056,0.832581494808611,1.09013750033958,0.364239196092542
"GGGGCACCAGGGACAAGATACTTCACATTTGTG","GAPGTRYFTFV",3,1,8,"F",1179,1525,1329,1174,1,"TTC","C",8,693.747738258805,852.913524635778,630.759716618501,712.278368579181,0.909206159290129,0.835112057677063,0.872159108483596,0.052392441696524
"GGGGCACCAGGGCCGAGATACCAGACATTTGTG","GAPGPRYQTFV",2,1,5,"P",1310,1778,984,1005,1,"CCG","G",5,770.830820287561,994.413276591746,467.018480927468,609.744259303302,0.605863788312519,0.61316986976797,0.609516829040245,0.00516617974105098
"GGGGCACCAGTCACAAGATACCAGACATTTGTG","GAPVTRYQTFV",2,1,4,"V",1722,1515,1600,1072,1,"GTC","C",4,1013.26005537037,847.320649064396,759.379643784501,650.393876590189,0.749442001349726,0.767588842911297,0.758515422130511,0.012831754725305
"GGGAACCCAGGGACAAGATACCAGACATTTGTG","GNPGTRYQTFV",3,1,2,"N",916,730,2440,1170,1,"AAC","C",2,538.993153727791,408.279916710897,1158.05395677136,709.851525756083,2.14855040135857,1.73863934203437,1.94359487169647,0.289850889731498
"GGGGCACCAGGGCTCAGATACCAGACATTTGTG","GAPGLRYQTFV",3,1,5,"L",1054,1366,1314,1382,1,"CTC","C",5,620.195179071061,763.986803050802,623.640532458022,838.474195380262,1.00555527276449,1.09749827095444,1.05152677185946,0.0650135175027334
"GGGGCACCAGGGACAAGACAGCAGACATTTGTG","GAPGTRQQTFV",2,1,7,"Q",1429,1337,654,820,1,"CAG","G",7,840.852856634294,747.767463893794,310.396429396915,497.502778735032,0.369144764090293,0.665317498764152,0.517231131427222,0.20942574909045
"GGGGCACCAGGGACAAGATACCTCACATTTGTG","GAPGTRYLTFV",2,1,8,"L",953,1388,1788,954,1,"CTC","C",8,560.764711247363,776.291129307842,848.60675192918,578.802013308806,1.5133027005953,0.745599159203169,1.12945092989924,0.542848380059306
"GGGGCACCACTGACAAGATACCAGACATTTGTG","GAPLTRYQTFV",2,1,4,"L",1356,1486,850,735,1,"CTG","G",4,797.898162068651,831.101309907388,403.420435760516,445.932368744206,0.505603916563234,0.536555969083839,0.521079942823536,0.0218864062289613
"GGGGCACCAGGGACAAGATACCACACATTTGTG","GAPGTRYHTFV",1,1,8,"H",2007,1146,777,724,1,"CAC","C",8,1180.95989031842,640.943540480394,368.773739512848,439.258550980687,0.312266100259693,0.685331114580635,0.498798607420164,0.263796801449795
"GGGGCACCAGGGACACACTACCAGACATTTGTG","GAPGTHYQTFV",3,1,6,"H",1269,1409,625,198,1,"CAC","C",6,746.705580873981,788.036168007745,296.632673353321,120.128719743337,0.397255197967219,0.152440617093804,0.274847907530512,0.173110050268935
"ATCGCACCAGGGACAAGATACCAGACATTTGTG","IAPGTRYQTFV",3,1,1,"I",829,421,2560,1516,1,"ATC","C",1,487.800572533121,235.460061555189,1215.0074300552,919.773429954036,2.49078721606606,3.90628212648477,3.19853467127541,1.00090604989211
"GGGGCACCAGGGACATCCTACCAGACATTTGTG","GAPGTSYQTFV",3,1,6,"S",1442,1290,527,941,1,"TCC","C",6,848.502322789819,721.480948708297,250.12067017152,570.914774133738,0.294779004669239,0.791309562859387,0.543044283764313,0.351100124762595
"GGGGCACCAGGGACAAGACACCAGACATTTGTG","GAPGTRHQTFV",1,1,7,"H",1219,888,939,534,1,"CAC","C",7,717.284557198883,496.647350738735,445.660928446029,323.983516883546,0.621316775850313,0.652341176091322,0.636828975970817,0.0219375637926631
"GGGGCACCAGGGACAATCTACCAGACATTTGTG","GAPGTIYQTFV",2,1,6,"I",1360,1735,396,791,1,"ATC","C",6,800.251843962659,970.363911634803,187.946461836664,479.908168267574,0.234859142474446,0.494565144595142,0.364712143534794,0.183639875214392
"GGGGCACCAGGGACAAACTACCAGACATTTGTG","GAPGTNYQTFV",2,1,6,"N",1499,1383,209,637,1,"AAC","C",6,882.042289779431,773.494691522151,99.1939659693505,386.474719578312,0.112459421865312,0.49964753968482,0.306053480775066,0.27378334370503
"GGGGCACCAGGGACAACCTACCAGACATTTGTG","GAPGTTYQTFV",2,1,6,"T",1240,1522,295,741,1,"ACC","C",6,729.641387142424,851.235661964363,140.010621822767,449.572632978853,0.191889638238733,0.528141210556653,0.360015424397693,0.23776576697064
"GGGGCACCACCGACAAGATACCAGACATTTGTG","GAPPTRYQTFV",2,1,4,"P",826,971,1818,943,1,"CCG","G",4,486.035311112615,543.068217981207,862.84512025014,572.128195545287,1.77527249671417,1.05351073143648,1.41439161407532,0.510362638629027
"GGGGCACCAGACACAAGATACCAGACATTTGTG","GAPDTRYQTFV",2,1,4,"D",1638,1438,454,147,1,"GAC","C",4,963.832735596202,804.255507164753,215.473973923852,89.1864737488412,0.223559509825702,0.110893208631236,0.167226359228469,0.0796671055858131
"GGGGCACCAGGGACAAGATACCCCACATTTGTG","GAPGTRYPTFV",2,1,8,"P",863,701,1345,785,1,"CCC","C",8,507.806868632187,392.060577553889,638.353513056346,476.267904032927,1.25707931989143,1.2147814172096,1.23593036855052,0.02990913381629
"GGGGCACCAACGACAAGATACCAGACATTTGTG","GAPTTRYQTFV",2,1,4,"T",982,1169,850,500,1,"ACG","G",4,577.82890497892,653.807154294573,403.420435760516,303.355352887215,0.698165897005851,0.463982920490555,0.581074408748203,0.165592370732416
"GGGGCACCAGGGCACAGATACCAGACATTTGTG","GAPGHRYQTFV",3,1,5,"H",875,838,860,1077,1,"CAC","C",5,514.867914314211,468.682972881824,408.166558534169,653.427430119061,0.79275974902774,1.39417787273407,1.0934688108809,0.425266833601235
"TCCGCACCAGGGACAAGATACCAGACATTTGTG","SAPGTRYQTFV",3,1,1,"S",793,1153,618,385,1,"TCC","C",1,466.61743548705,644.858553380362,293.310387411764,233.583621723155,0.628588571932828,0.362224584753827,0.495406578343328,0.188347781598158
"GGGGCACCAGGGACAAGATACAACACATTTGTG","GAPGTRYNTFV",2,1,8,"N",1160,516,1183,587,1,"AAC","C",8,682.567749262268,288.592379483319,561.466324123166,356.13918428959,0.822579626315496,1.23405609298209,1.0283178596488,0.290957799878632
"GGGGCACCAGGGACAAGATACACCACATTTGTG","GAPGTRYTTFV",3,1,8,"T",650,880,1089,582,1,"ACC","C",8,382.473307776271,492.173050281629,516.852770050826,353.105630760718,1.3513433736222,0.71744202686162,1.03439270024191,0.448235940897688
"GGGGCACCAGGGACAAGACTGCAGACATTTGTG","GAPGTRLQTFV",3,1,7,"L",643,865,682,538,1,"CTG","G",7,378.354364461757,483.783736924556,323.685573163144,326.410359706643,0.855509024254591,0.67470304351621,0.7651060338854,0.127849135059194
"GGGGCACCAGGGACAAGATACCAGACATTTTAC","GAPGTRYQTFY",3,1,11,"Y",891,709,835,511,1,"TAC","C",11,524.282641890242,396.534878010994,396.301251600037,310.029170650734,0.755892375477504,0.781845905222334,0.768869140349919,0.0183519168782958
"GGGGCACCAGGGACAAGATACCAGACATTTTCC","GAPGTRYQTFS",3,1,11,"S",621,1064,468,460,1,"TCC","C",11,365.409114044714,595.081960795061,222.118545806967,279.086924656238,0.60786263196431,0.468989052001111,0.53842584198271,0.0981984501196305
"GGGGCACCAGGGACACTCTACCAGACATTTGTG","GAPGTLYQTFV",3,1,6,"L",1048,705,480,253,1,"CTC","C",6,616.664656230049,394.297727782442,227.81389313535,153.497808560931,0.369429139214951,0.389294174795816,0.379361657005383,0.0140467013677417
"GGGGCACCAGGGACAAGATACCAGACATTTCCC","GAPGTRYQTFP",3,1,11,"P",709,568,486,746,1,"CCC","C",11,417.190115712886,317.675332454506,230.661566799542,452.606186507725,0.552893172949202,1.42474451198549,0.988818842467347,0.616491994019133
"GGGGCACCAGGGACAAGATCCCAGACATTTGTG","GAPGTRSQTFV",1,1,7,"S",679,792,603,764,1,"TCC","C",7,399.537501507827,442.955745253466,286.191203251284,463.526979211664,0.716306234511698,1.04644083337586,0.881373533943781,0.233440413561152
"GGGGCACCAGGGACAAGATACCAGACATTTCAC","GAPGTRYQTFH",3,1,11,"H",545,832,804,557,1,"CAC","C",11,320.689158058566,465.327247538995,381.588271001712,337.937863116357,1.18990075408793,0.726236997518693,0.958068875803314,0.327859786460539
"GGGGCACCAGGGACAAGACCGCAGACATTTGTG","GAPGTRPQTFV",3,1,7,"P",654,845,422,947,1,"CCG","G",7,384.826989670279,472.597985781792,200.286381048162,574.555038368385,0.520458248574946,1.21573738283698,0.868097815705965,0.491636590654198
"GGGGCACCAGGGACAAGAACGCAGACATTTGTG","GAPGTRTQTFV",3,1,7,"T",678,867,460,359,1,"ACG","G",7,398.949081034326,484.902312038832,218.321647588044,217.80914337302,0.54724188616256,0.449181490715552,0.498211688439056,0.0693391705864139
"CACGCACCAGGGACAAGATACCAGACATTTGTG","HAPGTRYQTFV",3,1,1,"H",803,949,506,364,1,"CAC","C",1,472.50164022207,530.763891724166,240.153812346849,220.842696901892,0.50826027235372,0.416084628862927,0.462172450608323,0.0651780225725732
"GGGCACCCAGGGACAAGATACCAGACATTTGTG","GHPGTRYQTFV",3,1,2,"H",985,1053,404,444,1,"CAC","C",2,579.594166399426,588.92979766654,191.743360055587,269.379553363847,0.330823481621185,0.45740520250662,0.394114342063903,0.089506793212354
"TACGCACCAGGGACAAGATACCAGACATTTGTG","YAPGTRYQTFV",3,1,1,"Y",702,1000,151,374,1,"TAC","C",1,413.071172398372,559.287557138215,71.6664538821623,226.909803959637,0.17349662399836,0.405712233471987,0.289604428735174,0.164201232156168
"GGGGCACCAGGGACAAGATACTCCACATTTGTG","GAPGTRYSTFV",3,1,8,"S",500,740,412,432,1,"TCC","C",8,294.210236750978,413.872792282279,195.540258274509,262.099024894554,0.664627650056977,0.633284018138092,0.648955834097535,0.0221632946768588
"CTCGCACCAGGGACAAGATACCAGACATTTGTG","LAPGTRYQTFV",3,1,1,"L",217,694,369,829,1,"CTC","C",1,127.687242749924,388.145564653921,175.131930347801,502.963175087002,1.37156952077661,1.29581069807008,1.33369010942335,0.0535695772704999
"GGGGCACCAGGGACAAGAACCCAGACATTTGTG","GAPGTRTQTFV",2,1,7,"T",252,509,1379,713,1,"ACC","C",7,148.281959322493,284.677366583351,654.490330486767,432.584733217168,4.41382305357418,1.51956138420478,2.96669221888948,2.0465520529394
"GGGGCACCAGGGACAAGATACCAGACATTTACC","GAPGTRYQTFT",3,1,11,"T",509,372,591,834,1,"ACC","C",11,299.506021012495,208.054971255416,280.4958559229,505.996728615874,0.936528270699433,2.43203383011067,1.68428105040505,1.05748212236187
"GGGCCCCCAGGGACAAGATACCAGACATTTGTG","GPPGTRYQTFV",2,1,2,"P",500,799,634,564,1,"CCC","C",2,294.210236750978,446.870758153434,300.904183849609,342.184838056778,1.02275225761195,0.765735577487236,0.894243917549593,0.18173823739424
"GGGGCACCAGGGACAAGACTCCAGACATTTGTG","GAPGTRLQTFV",2,1,7,"L",487,552,863,409,1,"CTC","C",7,286.560770595452,308.726731540295,409.590395366265,248.144678661742,1.4293317069017,0.803768035970524,1.11654987143611,0.442340313779388
"GGGCTCCCAGGGACAAGATACCAGACATTTGTG","GLPGTRYQTFV",3,1,2,"L",329,630,1015,625,1,"CTC","C",2,193.590335782143,352.351160997075,481.731461525793,379.194191109019,2.48840656006666,1.07618260724893,1.78229458365779,0.998593133591492
"GGGGCACCAGGGACAAGAATCCAGACATTTGTG","GAPGTRIQTFV",2,1,7,"I",373,461,795,296,1,"ATC","C",7,219.480836616229,257.831563840717,377.316760505424,179.586368909231,1.71913305199022,0.696525926593595,1.20782948929191,0.723092432857633
"GGGACCCCAGGGACAAGATACCAGACATTTGTG","GTPGTRYQTFV",2,1,2,"T",706,558,157,396,1,"ACC","C",2,415.42485429238,312.082456883124,74.5141275463542,240.257439486674,0.179368486927146,0.769852435430715,0.47461046117893,0.417535204168682
"GGGTTCCCAGGGACAAGATACCAGACATTTGTG","GFPGTRYQTFV",3,1,2,"F",689,641,562,209,1,"TTC","C",2,405.421706242847,358.503324125596,266.732099879306,126.802537506856,0.65791272586558,0.353699753875734,0.505806239870657,0.215111055418933
"GGGGCACCAGGGACAAGAAACCAGACATTTGTG","GAPGTRNQTFV",1,1,7,"N",304,616,415,380,1,"AAC","C",7,178.879823944594,344.52113519714,196.964095106605,230.550068194283,1.10109732200772,0.669189912143877,0.885143617075798,0.30540465835944
"ACCGCACCAGGGACAAGATACCAGACATTTGTG","TAPGTRYQTFV",3,1,1,"T",488,781,441,132,1,"ACC","C",1,287.149191068954,436.803582124946,209.304014318103,80.0858131622247,0.728903374371138,0.183345138271592,0.456124256321365,0.385767928278161
"GGGGCACCAGGGCCCAGATACCAGACATTTGTG","GAPGPRYQTFV",2,1,5,"P",479,456,306,370,1,"CCC","C",5,281.853406807436,255.035126055026,145.231356873786,224.482961136539,0.515272667869538,0.880204090349911,0.697738379109724,0.258045483503925
"GGGGCACCAGCCACAAGATACCAGACATTTGTG","GAPATRYQTFV",2,1,4,"A",696,713,205,164,1,"GCC","C",4,409.540649557361,398.772028239547,97.2955168598892,99.5005557470065,0.237572306839499,0.249517390139599,0.243544848489549,0.00844644940333887
"GGGTACCCAGGGACAAGATACCAGACATTTGTG","GYPGTRYQTFV",3,1,2,"Y",537,528,249,463,1,"TAC","C",2,315.98179427055,295.303830168978,118.178457063963,280.907056773561,0.374004006581393,0.951247590025573,0.662625798303483,0.408172852249803
"GGGGCACCAGGGACACCCTACCAGACATTTGTG","GAPGTPYQTFV",3,1,6,"P",467,431,374,138,1,"CCC","C",6,274.792361125413,241.052937126571,177.504991734627,83.7260773968713,0.645960429932095,0.347334815310335,0.496647622621215,0.211160197135047
"GGGGCACCATTCACAAGATACCAGACATTTGTG","GAPFTRYQTFV",3,1,4,"F",200,523,288,696,1,"TTC","C",4,117.684094700391,292.507392383286,136.68833588121,422.270651219003,1.1614852136918,1.44362386119008,1.30255453744094,0.199502150880835
"AACGCACCAGGGACAAGATACCAGACATTTGTG","NAPGTRYQTFV",3,1,1,"N",221,454,482,258,1,"AAC","C",1,130.040924643932,253.91655094075,228.763117690081,156.531362089803,1.75916249685599,0.61646773914446,1.18781511800022,0.808007212004141
"TTCGCACCAGGGACAAGATACCAGACATTTGTG","FAPGTRYQTFV",3,1,1,"F",507,355,265,167,1,"TTC","C",1,298.329180065491,198.547082784066,125.772253501808,101.32068786433,0.421588841809566,0.51031063485593,0.465949738332748,0.0627357815021131
"GGGTCCCCAGGGACAAGATACCAGACATTTGTG","GSPGTRYQTFV",2,1,2,"S",383,309,212,103,1,"TCC","C",2,225.365041351249,172.819855155708,100.617802801446,62.4912026947663,0.446465885738799,0.361597356035639,0.404031620887219,0.0600111128624366
"GGGATCCCAGGGACAAGATACCAGACATTTGTG","GIPGTRYQTFV",3,1,2,"I",403,152,240,380,1,"ATC","C",2,237.133450821288,85.0117086850087,113.906946567675,230.550068194283,0.480349550741028,2.71198017026729,1.59616486050416,1.57800114417056
"CCCGCACCAGGGACAAGATACCAGACATTTGTG","PAPGTRYQTFV",3,1,1,"P",47,250,336,223,1,"CCC","C",1,27.6557622545919,139.821889284554,159.469725194745,135.296487387698,5.76623864953378,0.96763452475137,3.36693658714258,3.39312551686338
"GGGGCACCATACACAAGATACCAGACATTTGTG","GAPYTRYQTFV",3,1,4,"Y",43,326,152,84,1,"TAC","C",4,25.3020803605841,182.327743627058,72.1410661595276,50.9636992850521,2.8511910930419,0.279516974604236,1.56535403382307,1.81844820814921
"GGGGCACCAGGGACAAGACCCCAGACATTTGTG","GAPGTRPQTFV",2,1,7,"P",69,267,198,115,1,"CCC","C",7,40.6010126716349,149.329777755903,93.973230918332,69.7717311640594,2.3145538678641,0.467232538697736,1.39089320328092,1.30625343888409
"GGGGCACCAATCACAAGATACCAGACATTTGTG","GAPITRYQTFV",3,1,4,"I",62,213,290,208,1,"ATC","C",4,36.4820693571212,119.12824967044,137.637560435941,126.195826801081,3.77274542977849,1.0593274655692,2.41603644767384,1.91867624268579
"GGGGCACCACTCACAAGATACCAGACATTTGTG","GAPLTRYQTFV",3,1,4,"L",108,204,169,109,1,"CTC","C",4,63.5494111382111,114.094661656196,80.2094748747379,66.1314669294129,1.26215921498145,0.579619291292421,0.920889253136935,0.48262860847106
"GGGGCACCAAACACAAGATACCAGACATTTGTG","GAPNTRYQTFV",3,1,4,"N",174,263,172,1,1,"AAC","C",4,102.38516238934,147.092627527351,81.6333117068339,0.60671070577443,0.797315839539393,0.00412468466960805,0.400720262104501,0.560870844385614
"GGGGCACCAACCACAAGATACCAGACATTTGTG","GAPTTRYQTFV",3,1,4,"T",95,170,0,98,1,"ACC","C",4,55.8999449826857,95.0788847134966,0,59.4576491658941,0,0.625350721614576,0.312675360807288,0.442189735873567
"GGGGCACCATCCACAAGATACCAGACATTTGTG","GAPSTRYQTFV",3,1,4,"S",102,123,1,33,1,"TCC","C",4,60.0188882971994,68.7923695280004,0.474612277365313,20.0214532905562,0.00790771523482982,0.291041774370148,0.149474744802489,0.200206013199457
