"dist_codon","seq_aa","mutcod_index","mut_aa","num_nt_seqs","enrichA_Avg","enrichB_Avg","enrich_Avg_RepAndAA","enrich_SD_RepAndAA"
1,"*APGTLFTFPSLT",1,"*",1,2.04886700899533,1.98224880327909,2.01555790613721,0.0471061850124275
1,"AAPGTLFTFPSLT",1,"A",2,1.11645364115819,1.0589166975602,1.08768516935919,0.151747348174882
1,"CAPGTLFTFPSLT",1,"C",1,1.60627717013219,1.54026172043879,1.57326944528549,0.0466799721412846
1,"DAPGTLFTFPSLT",1,"D",1,0.474334873915593,0.629621455159688,0.55197816453764,0.109804194624976
1,"EAPGTLFTFPSLT",1,"E",1,0.848103640163472,0.638161533407865,0.743132586785669,0.14845148734348
1,"FAPGTLFTFPSLT",1,"F",1,2.69539224010876,2.81102588219631,2.75320906115253,0.0817653324534061
1,"GAPGTLFTFPSLT",1,"G",2,1.26007301554333,1.17675737735356,1.21841519644844,0.116905684794641
1,"HAPGTLFTFPSLT",1,"H",1,1.00252146049805,1.08324723835907,1.04288434942856,0.057081744942093
1,"IAPGTLFTFPSLT",1,"I",1,2.01155183535857,2.45439935109571,2.23297559322714,0.31314048140935
1,"KAPGTLFTFPSLT",1,"K",1,0.698992793115418,0.703999813873607,0.701496303494513,0.00354049833165759
1,"LAPGTLFTFPSLT",1,"L",3,2.4475112199229,2.47180242927285,2.45965682459788,0.254492296339504
1,"MAPGTLFTFPSLT",1,"M",1,1.56517677535228,1.6767312292967,1.62095400232449,0.078880910855667
1,"NAPGTLFTFPSLT",1,"N",1,0.673494531336322,0.742274313558358,0.70788442244734,0.0486346504177359
1,"PAPGTLFTFPSLT",1,"P",2,1.1701765098058,0.990860972599965,1.08051874120288,0.177874620722397
1,"RAPGTLFTFPSLT",1,"R",3,1.10943892575594,1.06812248356606,1.088780704661,0.108741282500815
1,"SAPGTLFTFPSLT",1,"S",3,0.764976150596565,0.781742396469999,0.773359273533282,0.1406600982054
1,"TAPGTLFTFPSLT",1,"T",2,0.788113897809984,0.644008595605083,0.716061246707534,0.163754091583916
1,"VAPGTLFTFPSLT",1,"V",2,2.18216569740519,2.04694246077017,2.11455407908768,0.334490915377418
1,"WAPGTLFTFPSLT",1,"W",1,2.73319386134762,2.65049232250765,2.69184309192763,0.0584788189283008
1,"YAPGTLFTFPSLT",1,"Y",1,1.8317294420565,2.10746154551006,1.96959549378328,0.194972040142841
1,"QAPGTLFTF*SLT",10,"*",1,3.72038112177573,3.34662598087678,3.53350355132625,0.264284794632981
1,"QAPGTLFTFASLT",10,"A",2,0.922429519754913,0.910888433031063,0.916658976392988,0.100674080209035
1,"QAPGTLFTFCSLT",10,"C",1,1.338509075151,1.14622105618062,1.24236506566581,0.135968162154884
1,"QAPGTLFTFDSLT",10,"D",1,0.549538169287288,0.450925253916838,0.500231711602063,0.0697298611710202
1,"QAPGTLFTFESLT",10,"E",1,0.55733108868127,0.585639900798916,0.571485494740093,0.0200173530157234
1,"QAPGTLFTFFSLT",10,"F",1,2.57777102230341,2.05155780730594,2.31466441480467,0.372088932674685
1,"QAPGTLFTFGSLT",10,"G",2,0.93850981452757,0.83421538227193,0.88636259839975,0.238144607574898
1,"QAPGTLFTFHSLT",10,"H",1,0.987788866990535,0.875273331809995,0.931531099400265,0.0795604979149938
1,"QAPGTLFTFISLT",10,"I",1,2.07909043314174,2.41086447888471,2.24497745601323,0.234599677566552
1,"QAPGTLFTFKSLT",10,"K",1,0.996732979242162,1.19419968427253,1.09546633175735,0.139630046185538
1,"QAPGTLFTFLSLT",10,"L",3,2.36723442258251,2.0935357563309,2.23038508945671,0.273146267275033
1,"QAPGTLFTFMSLT",10,"M",1,1.58452054020708,1.65482494013402,1.61967274017055,0.0497127179355918
1,"QAPGTLFTFNSLT",10,"N",1,0.557186079516389,0.580894936859862,0.569040508188126,0.0167646938017544
1,"QAPGTLFTFPSLT",10,"syn",1,0.876518290142022,1.01453034401916,0.945524317080589,0.0975892591820039
1,"QAPGTLFTFQSLT",10,"Q",1,0.841871984332236,0.790928604450335,0.816400294391285,0.0360224093710544
1,"QAPGTLFTFRSLT",10,"R",3,0.646258821801916,0.673676152941613,0.659967487371765,0.0316665685560582
1,"QAPGTLFTFSSLT",10,"S",3,0.601770786852191,0.719846646994316,0.660808716923253,0.22381274738928
1,"QAPGTLFTFTSLT",10,"T",2,0.932457378982424,0.91079151712797,0.921624448055197,0.0543019004042184
1,"QAPGTLFTFVSLT",10,"V",2,1.79605633571416,2.03128405770036,1.91367019670726,0.157343282022048
1,"QAPGTLFTFWSLT",10,"W",1,2.74834640260631,2.9364224494629,2.8423844260346,0.132989848111051
1,"QAPGTLFTFYSLT",10,"Y",1,1.91757965986364,1.96891744191592,1.94324855088978,0.0363012938202458
1,"QAPGTLFTFP*LT",11,"*",1,2.2424283237933,1.99310169527772,2.11776500953551,0.176300549753744
1,"QAPGTLFTFPALT",11,"A",2,0.784892228294332,0.760706713977369,0.77279947113585,0.102689394922615
1,"QAPGTLFTFPCLT",11,"C",1,1.27055526469773,1.13938588058261,1.20497057264017,0.0927507609918616
1,"QAPGTLFTFPDLT",11,"D",1,0.529398026957388,0.565759850422063,0.547578938689725,0.0257116919481799
1,"QAPGTLFTFPELT",11,"E",1,0.977162756317203,1.03819102986657,1.00767689309189,0.0431535060708671
1,"QAPGTLFTFPFLT",11,"F",1,2.32829119740708,2.11877591041747,2.22353355391228,0.148149680192604
1,"QAPGTLFTFPGLT",11,"G",2,0.505146163828228,0.551637796917181,0.528391980372705,0.0823275462317822
1,"QAPGTLFTFPHLT",11,"H",1,1.13777384814618,0.924294492473291,1.03103417030974,0.150952700039635
1,"QAPGTLFTFPILT",11,"I",1,2.29922657732957,2.08829816911468,2.19376237322213,0.149148907793633
1,"QAPGTLFTFPKLT",11,"K",1,0.731271965245975,0.842588868141949,0.786930416693962,0.0787129368984275
1,"QAPGTLFTFPLLT",11,"L",3,1.50362651677556,1.44294438978004,1.4732854532778,0.16349107745831
1,"QAPGTLFTFPMLT",11,"M",1,1.23938065916056,1.30019153816878,1.26978609866467,0.042999784916628
1,"QAPGTLFTFPNLT",11,"N",1,0.77096800042338,0.74462821538837,0.757798107905875,0.0186250406132518
1,"QAPGTLFTFPPLT",11,"P",2,0.951485929350428,0.983173596273635,0.967329762812031,0.069448259786922
1,"QAPGTLFTFPQLT",11,"Q",1,0.690371302820234,0.784314021096718,0.737342661958476,0.0664275331363995
1,"QAPGTLFTFPRLT",11,"R",3,0.730362012334917,0.773831910729935,0.752096961532426,0.069355909069063
1,"QAPGTLFTFPSLT",11,"syn",3,0.902196744887712,0.762422287430927,0.832309516159319,0.167483186603519
1,"QAPGTLFTFPTLT",11,"T",2,1.05663942243124,1.10128469909119,1.07896206076121,0.43100916469103
1,"QAPGTLFTFPVLT",11,"V",2,2.24823770055072,2.0956116812476,2.17192469089916,0.415776817364745
1,"QAPGTLFTFPWLT",11,"W",1,2.71634358810013,2.18609438606007,2.4512189870801,0.374942806481284
1,"QAPGTLFTFPYLT",11,"Y",1,1.97961456993942,1.77100334648868,1.87530895821405,0.147510410733641
1,"QAPGTLFTFPS*T",12,"*",1,2.56044004863587,3.45468999572563,3.00756502218075,0.632330201662884
1,"QAPGTLFTFPSAT",12,"A",2,0.684750415025326,0.667627061075476,0.676188738050401,0.128338687605441
1,"QAPGTLFTFPSCT",12,"C",1,0.891204263023071,0.657811994571674,0.774508128797373,0.165033255698494
1,"QAPGTLFTFPSDT",12,"D",1,0.571674150683424,0.578364743163432,0.575019446923428,0.00473096331276893
1,"QAPGTLFTFPSET",12,"E",1,0.587069879056097,0.489713884779192,0.538391881917645,0.0688410837423584
1,"QAPGTLFTFPSFT",12,"F",1,1.16705740912078,1.04378154222252,1.10541947567165,0.0871692014404117
1,"QAPGTLFTFPSGT",12,"G",2,0.853822718297998,0.778675709906085,0.816249214102042,0.145779169036533
1,"QAPGTLFTFPSHT",12,"H",1,0.770463199946912,0.516584938049996,0.643524068998454,0.179519040583164
1,"QAPGTLFTFPSIT",12,"I",1,0.565249960181415,0.77805873338987,0.671654346785642,0.150478526631689
1,"QAPGTLFTFPSKT",12,"K",1,0.536386779788508,0.455719653526246,0.496053216657377,0.0570402719988769
1,"QAPGTLFTFPSLT",12,"syn",2,0.644790832761454,0.590583823187163,0.617687327974308,0.0969476170595224
1,"QAPGTLFTFPSMT",12,"M",1,0.629801101035513,0.630677727995647,0.63023941451558,0.000619868868081714
1,"QAPGTLFTFPSNT",12,"N",1,0.587068069061681,0.520226441981071,0.553647255521376,0.0472641677742412
1,"QAPGTLFTFPSPT",12,"P",2,0.874724630824854,0.822706671562309,0.848715651193581,0.100651031461238
1,"QAPGTLFTFPSQT",12,"Q",1,0.888112024253547,0.845569829920675,0.866840927087111,0.0300818740993296
1,"QAPGTLFTFPSRT",12,"R",3,0.570399767554352,0.574222973674333,0.572311370614343,0.084119317225198
1,"QAPGTLFTFPSST",12,"S",3,0.70542693993011,0.723316126695416,0.714371533312763,0.178031351336317
1,"QAPGTLFTFPSTT",12,"T",2,0.91973365042048,1.05709857990623,0.988416115163354,0.392591766249723
1,"QAPGTLFTFPSVT",12,"V",2,0.555534993387697,0.531064776618392,0.543299885003044,0.0164131826698519
1,"QAPGTLFTFPSWT",12,"W",1,2.70943195335114,2.35386604434179,2.53164899884647,0.25142306541927
1,"QAPGTLFTFPSYT",12,"Y",1,0.738530453637119,0.796192194562694,0.767361324099907,0.0407730080234962
1,"QAPGTLFTFPSL*",13,"*",1,2.98935532587315,3.16679916274849,3.07807724431082,0.125471740334314
1,"QAPGTLFTFPSLA",13,"A",2,0.6095727916459,0.68194399985242,0.64575839574916,0.0991694332945251
1,"QAPGTLFTFPSLC",13,"C",1,0.722453713815995,0.734330240637332,0.728391977226664,0.00839797265231122
1,"QAPGTLFTFPSLD",13,"D",1,0.463515897260227,0.564025090935575,0.513770494097901,0.071070732419431
1,"QAPGTLFTFPSLE",13,"E",1,0.830934636286057,1.02403839995534,0.9274865181207,0.136544980763195
1,"QAPGTLFTFPSLF",13,"F",1,1.57640209668437,1.49511602262547,1.53575905965492,0.0574779341830786
1,"QAPGTLFTFPSLG",13,"G",2,0.5297134342359,0.503005524365299,0.516359479300599,0.0232747057356265
1,"QAPGTLFTFPSLH",13,"H",1,0.899289115922419,1.2571917356071,1.07824042576476,0.253075369383468
1,"QAPGTLFTFPSLI",13,"I",1,1.9162807040768,1.44584147820755,1.68106109114217,0.332650766748301
1,"QAPGTLFTFPSLK",13,"K",1,0.443349477904034,0.576282200581297,0.509815839242665,0.0939976296466831
1,"QAPGTLFTFPSLL",13,"L",3,1.2444192716448,1.16394826706685,1.20418376935583,0.235675422079889
1,"QAPGTLFTFPSLM",13,"M",1,0.970758688012771,1.10773036039998,1.03924452420638,0.0968535983754591
1,"QAPGTLFTFPSLN",13,"N",1,0.466895939011864,0.582399846022712,0.524647892517288,0.0816735959009111
1,"QAPGTLFTFPSLP",13,"P",2,0.911726858152931,0.789154317660986,0.850440587906959,0.180259074245675
1,"QAPGTLFTFPSLQ",13,"Q",1,0.641242680539934,0.548894609534095,0.595068645037015,0.0652999472377255
1,"QAPGTLFTFPSLR",13,"R",3,0.754297971862302,0.940007389980651,0.847152680921476,0.323266117446043
1,"QAPGTLFTFPSLS",13,"S",3,0.610932531730335,0.558431774259304,0.58468215299482,0.0894723330159846
1,"QAPGTLFTFPSLT",13,"syn",1,0.611790922029468,0.725934559847458,0.668862740938463,0.0807117403304023
1,"QAPGTLFTFPSLV",13,"V",2,1.32466958441429,1.11203825706415,1.21835392073922,0.220853648396489
1,"QAPGTLFTFPSLW",13,"W",1,2.52275507983499,2.55763315736304,2.54019411859902,0.0246625251348325
1,"QAPGTLFTFPSLY",13,"Y",1,1.17676571805338,1.52794312544782,1.3523544217506,0.248319926168122
1,"Q*PGTLFTFPSLT",2,"*",1,2.81586620790238,2.29593465310687,2.55590043050463,0.367647128148765
1,"QAPGTLFTFPSLT",2,"syn",2,0.70539777893154,0.740050032653003,0.722723905792272,0.103792400743859
1,"QCPGTLFTFPSLT",2,"C",1,0.731797043004242,0.848896433662924,0.790346738333583,0.0828017732075668
1,"QDPGTLFTFPSLT",2,"D",1,0.749911713693148,1.01768831225422,0.883800012973684,0.189346648685601
1,"QEPGTLFTFPSLT",2,"E",1,0.421343744176611,0.454916008759676,0.438129876468143,0.0237391759464737
1,"QFPGTLFTFPSLT",2,"F",1,2.40835452913948,2.64932721083529,2.52884086998739,0.170393417307817
1,"QGPGTLFTFPSLT",2,"G",2,0.780705119648626,0.744853313639938,0.762779216644282,0.314703602426291
1,"QHPGTLFTFPSLT",2,"H",1,0.958197854017884,0.802767355328603,0.880482604673243,0.109905959626398
1,"QIPGTLFTFPSLT",2,"I",1,1.4378045776728,1.67943603397115,1.55862030582198,0.170859241296544
1,"QKPGTLFTFPSLT",2,"K",1,0.378141447826705,0.322055543992692,0.350098495909698,0.0396587229300078
1,"QLPGTLFTFPSLT",2,"L",3,1.04058449723198,1.0696713244826,1.05512791085729,0.0977024687304859
1,"QMPGTLFTFPSLT",2,"M",1,0.669896441754996,0.821702753051846,0.745799597403421,0.107343272144919
1,"QNPGTLFTFPSLT",2,"N",1,0.648698990778771,0.561599851521901,0.605149421150336,0.0615883920040443
1,"QPPGTLFTFPSLT",2,"P",2,1.135541413871,1.16804507485703,1.15179324436401,0.0603878325030914
1,"QQPGTLFTFPSLT",2,"Q",1,0.594529014501041,0.525189645038162,0.559859329769602,0.0490303383504008
1,"QRPGTLFTFPSLT",2,"R",3,0.649788130799466,0.802193375687222,0.725990753243344,0.257356827289049
1,"QSPGTLFTFPSLT",2,"S",3,1.03428942971584,0.951796327828556,0.993042878772198,0.389411457000958
1,"QTPGTLFTFPSLT",2,"T",2,0.61464302187769,0.625417378509207,0.620030200193449,0.0392213863667345
1,"QVPGTLFTFPSLT",2,"V",2,0.946922162222799,1.09897821966511,1.02295019094396,0.100141162543345
1,"QWPGTLFTFPSLT",2,"W",1,3.5640390838507,3.48147480770858,3.52275694577964,0.0583817595438485
1,"QYPGTLFTFPSLT",2,"Y",1,2.05694094271168,1.89639456035173,1.97666775153171,0.113523435661691
1,"QA*GTLFTFPSLT",3,"*",1,3.48033277028137,2.45656807090148,2.96845042059143,0.723910961270927
1,"QAAGTLFTFPSLT",3,"A",2,0.727273684445617,0.872342595243067,0.799808139844342,0.0956310960923834
1,"QACGTLFTFPSLT",3,"C",1,1.07906009322415,0.990927893354177,1.03499399328916,0.0623188761689454
1,"QADGTLFTFPSLT",3,"D",1,1.0527801672448,0.932588820962413,0.992684494103609,0.0849881159962199
1,"QAEGTLFTFPSLT",3,"E",1,0.683355616429689,1.10979526214328,0.896575439286484,0.301538365250868
1,"QAFGTLFTFPSLT",3,"F",1,2.58263194327447,2.68410363819163,2.63336779073305,0.0717513235744135
1,"QAGGTLFTFPSLT",3,"G",2,0.457722490324101,0.568114221248069,0.512918355786085,0.0662743448201546
1,"QAHGTLFTFPSLT",3,"H",1,0.917173651798786,0.842538443912856,0.879856047855821,0.0527750616114087
1,"QAIGTLFTFPSLT",3,"I",1,1.0996663479139,1.39775963045451,1.2487129891842,0.210783781510622
1,"QAKGTLFTFPSLT",3,"K",1,0.356277345156157,0.37626956344164,0.366273454298898,0.0141366331206267
1,"QALGTLFTFPSLT",3,"L",3,1.53013297188925,1.49305231906535,1.5115926454773,0.190926706799712
1,"QAMGTLFTFPSLT",3,"M",1,1.74731371468355,2.00604391407823,1.87667881438089,0.182949878489724
1,"QANGTLFTFPSLT",3,"N",1,0.515433090994483,0.540268793331707,0.527850942163095,0.0175614935381817
1,"QAPGTLFTFPSLT",3,"syn",2,0.625087981842594,0.537666761737776,0.581377371790185,0.106003790332123
1,"QAQGTLFTFPSLT",3,"Q",1,0.703416518481522,0.643626496502022,0.673521507491772,0.0422779299889969
1,"QARGTLFTFPSLT",3,"R",3,0.4432723350732,0.388278049284649,0.415775192178924,0.086953338474489
1,"QASGTLFTFPSLT",3,"S",3,0.649541790056804,0.602553348855945,0.626047569456375,0.184928307175277
1,"QATGTLFTFPSLT",3,"T",2,0.594823272054939,0.463861066055733,0.529342169055336,0.0968703827172178
1,"QAVGTLFTFPSLT",3,"V",2,1.15075527099467,1.06959506391738,1.11017516745602,0.145444020310794
1,"QAWGTLFTFPSLT",3,"W",1,3.35170079812237,3.12017619635146,3.23593849723692,0.163712615923724
1,"QAYGTLFTFPSLT",3,"Y",1,2.76399994128426,2.43904365045753,2.60152179587089,0.229778796832807
1,"QAP*TLFTFPSLT",4,"*",1,2.97363998120745,3.20879915164436,3.09121956642591,0.166282644074141
1,"QAPATLFTFPSLT",4,"A",2,0.66715357040132,0.623470587558239,0.64531207897978,0.0416903315311852
1,"QAPCTLFTFPSLT",4,"C",1,0.79087970436065,0.750958683693956,0.770919194027303,0.0282284244253078
1,"QAPDTLFTFPSLT",4,"D",1,0.707880790331593,1.00053306880825,0.85420692956992,0.206936410640537
1,"QAPETLFTFPSLT",4,"E",1,0.835171025286224,1.09199971129258,0.963585368289404,0.181605305478328
1,"QAPFTLFTFPSLT",4,"F",1,1.84799126076792,1.76863756921008,1.808314414989,0.0561115334127363
1,"QAPGTLFTFPSLT",4,"syn",1,0.648466787345727,0.792631985562617,0.720549386454172,0.101940189270266
1,"QAPHTLFTFPSLT",4,"H",1,0.649568131236058,0.639065776987084,0.644316954111571,0.00742628590787345
1,"QAPITLFTFPSLT",4,"I",1,1.19275565197699,1.59607046410022,1.3944130580386,0.285186638605315
1,"QAPKTLFTFPSLT",4,"K",1,0.455870523213306,0.377127769145854,0.41649914617958,0.0556795353703998
1,"QAPLTLFTFPSLT",4,"L",3,1.45305705236665,1.55071037761295,1.5018837149898,0.202226144205838
1,"QAPMTLFTFPSLT",4,"M",1,1.14540513807958,1.22084653915221,1.1831258386159,0.0533451262806696
1,"QAPNTLFTFPSLT",4,"N",1,0.630027403982346,0.481112916279631,0.555570160130988,0.10529844407151
1,"QAPPTLFTFPSLT",4,"P",2,0.917306793912776,1.08062031651982,0.998963555216296,0.0980365220392764
1,"QAPQTLFTFPSLT",4,"Q",1,0.739277718118009,0.740624081647379,0.739950899882694,0.000952022781559866
1,"QAPRTLFTFPSLT",4,"R",3,0.511557631398644,0.620705909093764,0.566131770246204,0.280370526011758
1,"QAPSTLFTFPSLT",4,"S",3,0.887560675594053,0.936492915039435,0.912026795316744,0.265048031008681
1,"QAPTTLFTFPSLT",4,"T",2,0.576493482774578,0.593423975109794,0.584958728942186,0.0579867772157149
1,"QAPVTLFTFPSLT",4,"V",2,1.57454716116536,1.5706595847425,1.57260337295393,0.09781946983366
1,"QAPWTLFTFPSLT",4,"W",1,2.94149559180021,2.02641302357055,2.48395430768538,0.647061089340793
1,"QAPYTLFTFPSLT",4,"Y",1,1.81342887779585,2.13890208937545,1.97616548358565,0.230144315002495
1,"QAPG*LFTFPSLT",5,"*",1,2.75639906035813,3.08797616200531,2.92218761118172,0.234460417060903
1,"QAPGALFTFPSLT",5,"A",2,1.01227207693524,1.06147086119909,1.03687146906717,0.100060890878157
1,"QAPGCLFTFPSLT",5,"C",1,1.14495786111911,0.844408578707746,0.994683219913427,0.212520435673825
1,"QAPGDLFTFPSLT",5,"D",1,0.966046001410295,1.24305496851359,1.10455048496194,0.195874919088222
1,"QAPGELFTFPSLT",5,"E",1,0.874323420201856,1.1762192968694,1.02527135853563,0.213472621603877
1,"QAPGFLFTFPSLT",5,"F",1,2.27329740987584,2.07543486275924,2.17436613631754,0.139909948808992
1,"QAPGGLFTFPSLT",5,"G",2,0.576637821398275,0.547434166023756,0.562035993711016,0.0914957033166686
1,"QAPGHLFTFPSLT",5,"H",1,0.72802488358326,0.869135034268987,0.798579958926124,0.0997799444441329
1,"QAPGILFTFPSLT",5,"I",1,2.12120574623882,2.22091208888238,2.1710589175606,0.0705030310105755
1,"QAPGKLFTFPSLT",5,"K",1,0.527072706194764,0.407018074209054,0.467045390201909,0.0848914443899506
1,"QAPGLLFTFPSLT",5,"L",3,0.815563790245443,0.877658617593852,0.846611203919647,0.14989401195576
1,"QAPGMLFTFPSLT",5,"M",1,1.59625597975984,1.02006126877351,1.30815862426667,0.407431187422258
1,"QAPGNLFTFPSLT",5,"N",1,0.50194775889293,0.57061037545545,0.53627906717419,0.0485518017853695
1,"QAPGPLFTFPSLT",5,"P",2,0.989891240574482,1.02380402682846,1.00684763370147,0.359063461762666
1,"QAPGQLFTFPSLT",5,"Q",1,0.687943135548771,0.72799980752839,0.70797147153858,0.0283243443885534
1,"QAPGRLFTFPSLT",5,"R",3,0.472638447690641,0.523259960286132,0.497949203988386,0.133556112605703
1,"QAPGSLFTFPSLT",5,"S",3,0.723819332940112,0.64622394783449,0.685021640387301,0.152294588308047
1,"QAPGTLFTFPSLT",5,"syn",2,0.863349806676319,0.888282691981404,0.875816249328861,0.223791168176844
1,"QAPGVLFTFPSLT",5,"V",2,1.64486025379137,1.68865001399253,1.66675513389195,0.439718671012236
1,"QAPGWLFTFPSLT",5,"W",1,2.68017952804943,2.90221099740729,2.79119526272836,0.156999957619762
1,"QAPGYLFTFPSLT",5,"Y",1,2.05121332130457,1.83679951437932,1.94400641784195,0.15161345685687
1,"QAPGT*FTFPSLT",6,"*",1,1.38687370442358,1.45599961505678,1.42143665974018,0.0488794001644312
1,"QAPGTAFTFPSLT",6,"A",2,0.661594816367316,0.837893567498211,0.749744191932763,0.130950649435719
1,"QAPGTCFTFPSLT",6,"C",1,1.02745011810809,1.06152879151356,1.04448945481082,0.0240972610588518
1,"QAPGTDFTFPSLT",6,"D",1,0.677366419585229,0.560422493342609,0.618894456463919,0.0826918432647356
1,"QAPGTEFTFPSLT",6,"E",1,1.1898491718971,1.0026984015691,1.0962737867331,0.132335578803215
1,"QAPGTFFTFPSLT",6,"F",1,1.41428184915099,1.27129566388958,1.34278875652029,0.101106501214345
1,"QAPGTGFTFPSLT",6,"G",2,0.492692246512927,0.47629506124091,0.484493653876919,0.0613489076858037
1,"QAPGTHFTFPSLT",6,"H",1,0.502043113710349,0.517421350805302,0.509732232257825,0.0108740557325352
1,"QAPGTIFTFPSLT",6,"I",1,0.645814607524261,0.609248065874822,0.627531336699542,0.0258564495648583
1,"QAPGTKFTFPSLT",6,"K",1,0.262906469369357,0.326399913705036,0.294653191537197,0.0448966450506491
1,"QAPGTLFTFPSLT",6,"syn",3,0.63813050646534,0.755218024008564,0.696674265236952,0.217510319029584
1,"QAPGTMFTFPSLT",6,"M",1,0.52308884137068,0.562545305817392,0.542817073594036,0.0278999335719161
1,"QAPGTNFTFPSLT",6,"N",1,0.405157796353515,0.540268793331707,0.472713294842611,0.0955379021761545
1,"QAPGTPFTFPSLT",6,"P",2,0.639310916143482,0.613978750893539,0.626644833518511,0.0398913461144694
1,"QAPGTQFTFPSLT",6,"Q",1,0.364609915625064,0.525042285429566,0.444826100527315,0.113442816610591
1,"QAPGTRFTFPSLT",6,"R",3,0.331145496929914,0.386894219406658,0.359019858168286,0.0799387752756218
1,"QAPGTSFTFPSLT",6,"S",3,0.481375049983932,0.506222626968402,0.493798838476167,0.0538300939772555
1,"QAPGTTFTFPSLT",6,"T",2,0.517593523055234,0.730785660817437,0.624189591936336,0.151248115103166
1,"QAPGTVFTFPSLT",6,"V",2,0.654893172331958,0.682435053585803,0.66866411295888,0.0586635512190199
1,"QAPGTWFTFPSLT",6,"W",1,1.41645906408438,1.43671173647283,1.4265854002786,0.0143208019830228
1,"QAPGTYFTFPSLT",6,"Y",1,0.746346332060884,0.804915186803319,0.775630759432101,0.0414144343547053
1,"QAPGTL*TFPSLT",7,"*",1,1.24310499663327,2.54025464754587,1.89167982208957,0.91722331437406
1,"QAPGTLATFPSLT",7,"A",2,0.5462140978797,0.608654702819945,0.577434400349823,0.0360937921079537
1,"QAPGTLCTFPSLT",7,"C",1,0.574775000696592,0.69718819741723,0.635981599056911,0.0865592015078855
1,"QAPGTLDTFPSLT",7,"D",1,1.04785807815119,1.47961041962527,1.26373424888823,0.305295008449488
1,"QAPGTLETFPSLT",7,"E",1,1.62160497857347,1.4151857675796,1.51839537307654,0.145960423860947
1,"QAPGTLFTFPSLT",7,"syn",1,0.686736601402765,0.822956304162527,0.754846452782646,0.0963218755526437
1,"QAPGTLGTFPSLT",7,"G",2,0.588567512707343,0.489381362299846,0.538974437503595,0.065583817617542
1,"QAPGTLHTFPSLT",7,"H",1,0.823826428959399,0.698578053649004,0.761202241304201,0.0885639755145781
1,"QAPGTLITFPSLT",7,"I",1,1.73125278434004,1.81785834291648,1.77455556362826,0.0612393777578505
1,"QAPGTLKTFPSLT",7,"K",1,0.511267957541039,0.734117452969805,0.622692705255422,0.157578389401681
1,"QAPGTLLTFPSLT",7,"L",3,0.76899240206926,0.787353047595468,0.778172724832364,0.0379754217371007
1,"QAPGTLMTFPSLT",7,"M",1,0.778591658893396,0.670330803167317,0.724461231030357,0.0765519852209691
1,"QAPGTLNTFPSLT",7,"N",1,0.655339031265145,0.40990018488402,0.532619608074583,0.173551472642697
1,"QAPGTLPTFPSLT",7,"P",2,0.651614108629915,0.679230008141092,0.665422058385503,0.0684737019511559
1,"QAPGTLQTFPSLT",7,"Q",1,0.480445111213949,0.551573389144383,0.516009250179166,0.0502952876587309
1,"QAPGTLRTFPSLT",7,"R",3,0.386231622972829,0.437885082564849,0.412058352768839,0.0696245322422194
1,"QAPGTLSTFPSLT",7,"S",3,0.493057198158109,0.517925460915699,0.505491329536904,0.111561702264178
1,"QAPGTLTTFPSLT",7,"T",2,0.602421022593215,0.718755855170084,0.66058843888165,0.0686685270693849
1,"QAPGTLVTFPSLT",7,"V",2,0.823990043172218,0.842480863990775,0.833235453581497,0.24051667232756
1,"QAPGTLWTFPSLT",7,"W",1,1.05415899090493,0.922477297482782,0.988318144193856,0.0931130183769284
1,"QAPGTLYTFPSLT",7,"Y",1,1.3281938664493,1.4657605063309,1.3969771863901,0.0972743039253263
1,"QAPGTLF*FPSLT",8,"*",1,2.6781311951962,3.28959913028213,2.98386516273916,0.4323731233774
1,"QAPGTLFAFPSLT",8,"A",2,0.636043398178165,0.652513955645198,0.644278676911682,0.19644188324776
1,"QAPGTLFCFPSLT",8,"C",1,2.00575601487874,1.85237332516027,1.9290646700195,0.108457940016558
1,"QAPGTLFDFPSLT",8,"D",1,0.704766269168777,0.579052720470857,0.641909494819817,0.0888929027713247
1,"QAPGTLFEFPSLT",8,"E",1,0.929933798921384,0.900321644322168,0.915127721621776,0.0209389553226494
1,"QAPGTLFFFPSLT",8,"F",1,1.98919512029599,1.85281609045567,1.92100560537583,0.0964345368117331
1,"QAPGTLFGFPSLT",8,"G",2,0.511582692648377,0.538166972341688,0.524874832495033,0.0471881109594821
1,"QAPGTLFHFPSLT",8,"H",1,1.17701745379974,1.17046781706754,1.17374263543364,0.00463129254764413
1,"QAPGTLFIFPSLT",8,"I",1,2.2331901311072,2.32846631046045,2.28082822078383,0.0673704325062289
1,"QAPGTLFKFPSLT",8,"K",1,0.368432410652776,0.533652722346802,0.451042566499789,0.1168284027886
1,"QAPGTLFLFPSLT",8,"L",3,1.67870536789842,1.81806236956056,1.74838386872949,0.160558018174234
1,"QAPGTLFMFPSLT",8,"M",1,1.0474871508022,1.11999970388983,1.08374342734602,0.0512741180094123
1,"QAPGTLFNFPSLT",8,"N",1,0.649749321788704,0.671754342946744,0.660751832367724,0.0155598996810033
1,"QAPGTLFPFPSLT",8,"P",2,0.677672638929048,0.622143956497986,0.649908297713517,0.0812304038826688
1,"QAPGTLFQFPSLT",8,"Q",1,0.595704340472925,0.642303830185048,0.619004085328986,0.0329508151752746
1,"QAPGTLFRFPSLT",8,"R",3,0.719899471682087,0.671978497792673,0.69593898473738,0.239457555857192
1,"QAPGTLFSFPSLT",8,"S",3,0.451181854223328,0.494637190914267,0.472909522568798,0.0799940285084372
1,"QAPGTLFTFPSLT",8,"syn",1,0.712791062792479,0.732450461373541,0.72262076208301,0.0139012940507185
1,"QAPGTLFVFPSLT",8,"V",2,2.72147452013963,2.28844233282523,2.50495842648243,0.580592047434668
1,"QAPGTLFWFPSLT",8,"W",1,2.46834553309761,2.56255932249993,2.51545242779877,0.0666192093676601
1,"QAPGTLFYFPSLT",8,"Y",1,1.84719655891014,2.4416763304045,2.14443644465732,0.420360677701889
1,"QAPGTLFT*PSLT",9,"*",1,2.20693396516168,2.89403976349612,2.5504868643289,0.48585716939488
1,"QAPGTLFTAPSLT",9,"A",2,0.686706376141349,0.618143769626978,0.652425072884164,0.112154669784233
1,"QAPGTLFTCPSLT",9,"C",1,1.09664673410303,1.11005410651929,1.10335042031116,0.00948044395342777
1,"QAPGTLFTDPSLT",9,"D",1,1.10948309904899,0.999163038589423,1.05432306881921,0.0780080628518722
1,"QAPGTLFTEPSLT",9,"E",1,1.7939187027468,1.62757146158779,1.71074508216729,0.117625262255204
1,"QAPGTLFTFPSLT",9,"syn",1,0.668456494867853,0.50402585282244,0.586241173845147,0.11627002202517
1,"QAPGTLFTGPSLT",9,"G",2,0.779111949562787,0.759468977888429,0.769290463725608,0.202526478966319
1,"QAPGTLFTHPSLT",9,"H",1,0.53008112118572,0.583119746944866,0.556600434065293,0.0375039719391077
1,"QAPGTLFTIPSLT",9,"I",1,0.464301676975961,0.46768472483642,0.46599320090619,0.00239217608320944
1,"QAPGTLFTKPSLT",9,"K",1,0.481468987479764,0.52041494001586,0.500941963747812,0.0275389471380427
1,"QAPGTLFTLPSLT",9,"L",3,0.683900363284688,0.624217025971992,0.65405869462834,0.125878436367806
1,"QAPGTLFTMPSLT",9,"M",1,0.79023282126121,0.920851077296287,0.855541949278749,0.092361054589164
1,"QAPGTLFTNPSLT",9,"N",1,0.53615629964195,0.746666469259887,0.641411384450918,0.148853168445573
1,"QAPGTLFTPPSLT",9,"P",2,0.876067164961476,0.788193675533369,0.832130420247423,0.063291739938186
1,"QAPGTLFTQPSLT",9,"Q",1,0.621467249036933,0.9541444285904,0.787805838813667,0.235238289608271
1,"QAPGTLFTRPSLT",9,"R",3,0.444691214815232,0.522292156208996,0.483491685512114,0.0435483087679708
1,"QAPGTLFTSPSLT",9,"S",3,0.714654485712018,0.59447623126242,0.654565358487219,0.153647662804146
1,"QAPGTLFTTPSLT",9,"T",2,0.705869928750536,0.568476352436103,0.63717314059332,0.0824178758534635
1,"QAPGTLFTVPSLT",9,"V",2,0.838310816296727,0.776443209882062,0.807377013089394,0.0532200898844112
1,"QAPGTLFTWPSLT",9,"W",1,1.49546138878872,1.19132063221039,1.34339101049956,0.215059991411742
1,"QAPGTLFTYPSLT",9,"Y",1,1.01208446330089,1.02502372899997,1.01855409615043,0.00914944251939702
0,"QAPGTLFTFPSLT",1,"syn",1,0.892614748977218,0.831195138078835,0.861904943528027,0.0434302233640858
